TRENCH,X_COORD,Y_COORD,PERIMETER,AREA,TRENCH_OLD
1.0000000000,-346.46875,1666.15527,6.9006,3.9960,1
2.0000000000,-347.96875,1835.67236,5.7005,2.4840,2
3.0000000000,391.70972,2471.73462,7.8007,5.6260,3
4.0000000000,198.00000,3220.79932,2.5600,9.6000,4
6.0000000000,313.00000,3238.79932,2.2800,1.0400,6
7.0000000000,709.00000,3363.34473,1.9329,8.2000,7
8.0000000000,925.00000,3397.34473,2.6255,1.1800,8
9.0000000000,1348.00000,3491.34473,3.9219,1.7400,9
10.0000000000,1271.00000,3470.34473,3.1211,1.2600,10
13.0000000000,549.22510,2071.19434,1.5601,7.9200,13
14.0000000000,337.70410,1794.16699,8.5808,3.7800,14
15.0000000000,-236.00000,3153.79932,2.4400,9.1200,15
16.0000000000,439.71436,1583.64551,2.2802,9.4500,16
22.0000000000,-1166.34229,1514.07935,2.4602,1.6200,22
24.0000000000,-1010.32544,1604.08838,4.1404,1.7820,24
25.0000000000,-986.32324,1650.59326,3.9603,2.2320,25
26.0000000000,-975.82202,1713.59961,3.7803,2.1240,26
27.0000000000,-1013.32593,1850.11328,2.2202,9.1800,27
28.0000000000,-1043.32886,2016.62988,3.0003,1.6560,28
29.0000000000,-1068.82959,2496.67773,2.2202,1.1880,29
30.0000000000,-1016.93311,2683.25659,3.4803,1.4850,30
31.0000000000,-1069.43823,2567.74512,1.6801,6.7500,31
32.0000000000,-1052.93677,2618.75000,1.6201,6.4800,32
33.0000000000,-1006.43188,2639.75244,1.8150,7.8700,33
34.0000000000,-926.92383,2716.26001,2.3767,1.0080,34
35.0000000000,-851.91650,2714.75952,3.0060,1.2690,35
36.0000000000,-1010.93262,2888.77686,6.5367,2.8980,36
37.0000000000,-601.39160,2851.79932,1.0402,4.6000,37
38.0000000000,1790.45605,3378.76416,1.5660,1.0086,38
38.1000000000,1733.00000,3329.27539,1.2757,4.3200,38
38.2000000000,1723.74121,3393.23242,1.2265,4.1100,38
39.0000000000,2169.00000,3520.27539,2.0593,8.1000,39
40.0000000000,-401.87036,2723.76050,3.0603,1.6920,40
41.0000000000,1518.00000,3563.34473,2.9511,1.0080,41
42.0000000000,1462.00000,3677.34473,1.4480,4.6400,42
43.0000000000,1474.00000,3424.34473,2.2024,9.0000,43
44.0000000000,115.68115,2725.26099,2.2202,9.1800,44
45.0000000000,193.68896,2720.76025,1.6801,6.7500,45
46.0000000000,43.67432,2726.76099,2.2802,9.4500,46
47.0000000000,-70.33740,2728.26123,2.1002,8.6400,47
48.0000000000,-142.34448,2719.26025,1.7401,7.0200,48
49.0000000000,-7.33105,2719.26025,1.9801,8.1000,49
50.0000000000,-259.35620,2717.76001,1.8001,7.2900,50
51.0000000000,-361.00000,3129.79932,3.2000,1.5000,51
52.0000000000,274.69727,2723.76074,2.4415,1.2600,52
53.0000000000,337.70337,2689.25708,2.7580,1.3500,53
54.0000000000,-801.80176,1397.06616,1.2841,9.4060,54
55.0000000000,-1374.86328,1677.59595,1.3018,7.4530,55
55.1000000000,-1088.33325,1791.60742,2.5484,1.3680,55
56.0000000000,377.96967,2633.75073,4.0635,2.8620,56
57.0000000000,438.21411,2554.24268,2.5202,1.3680,57
58.0000000000,487.71924,2398.22705,3.9003,2.1960,58
59.0000000000,490.71924,2282.71558,3.2403,2.2050,59
60.0000000000,564.22656,2350.22217,1.0801,6.4800,60
61.0000000000,580.72852,2180.70532,9.6010,4.9500,61
62.0000000000,556.72607,2719.25903,2.3230,1.2240,62
63.0000000000,497.47021,2684.00586,2.2641,1.3480,63
64.0000000000,-420.76367,1319.05811,7.6807,3.3750,64
65.0000000000,882.00000,2692.27539,1.2000,4.1600,65
66.0000000000,1000.00000,2694.27539,1.1200,3.8400,66
67.0000000000,1104.00000,2697.27539,1.0800,3.6800,67
68.0000000000,1290.00000,2691.27539,1.0000,3.3600,68
69.0000000000,343.69669,2668.70855,0.0000,0.0000,69
71.0000000000,1396.00000,2695.27539,9.2000,3.0400,71
72.0000000000,1474.00000,2692.27539,8.8000,2.8800,72
73.0000000000,1530.00000,2694.27539,9.6000,3.2000,73
75.0000000000,-1049.47217,1084.65088,1.6523,6.6700,75
76.0000000000,-1048.08716,967.65381,1.5161,5.0600,76
77.0000000000,-1060.08545,802.66138,1.3499,5.2600,77
78.0000000000,-1066.83521,735.16382,1.0799,4.0400,78
79.0000000000,-1072.83496,645.91821,1.4099,6.2900,79
80.0000000000,-1063.08545,559.67261,1.4099,5.5300,80
81.0000000000,-1060.08545,496.67554,1.3499,5.2600,81
82.0000000000,-1070.58496,435.17847,1.2899,4.9900,82
83.0000000000,-1080.33447,372.93188,1.1699,3.8200,83
84.0000000000,-1081.08423,296.43555,1.1399,3.7100,84
85.0000000000,-1081.83447,224.43945,1.0499,3.3700,85
86.0000000000,-1077.33472,170.44189,1.1099,3.5900,86
87.0000000000,-1081.32541,80.74023,2.3564,6.7000,87
89.0000000000,1620.00000,2696.27539,8.8000,2.8800,89
90.0000000000,1760.00000,2687.27539,8.4000,2.7200,90
91.0000000000,1810.00000,2673.27539,9.0512,2.7200,91
92.0000000000,1856.00000,2698.27539,8.0000,2.5600,92
93.0000000000,1855.00000,2640.77539,9.3400,2.7500,93
94.0000000000,1881.00000,2601.27539,9.0825,3.0600,94
95.0000000000,1898.00000,2544.27539,9.6000,3.2000,95
96.0000000000,1896.00000,2389.27539,9.2000,2.4000,96
97.0000000000,-43.50000,20.77539,1.0793,4.2490,97
99.0000000000,79.94019,-16.20703,1.1880,3.8700,99
101.0000000000,231.50049,-24.47852,1.2542,4.0200,101
102.0000000000,1901.46680,1914.61768,1.7401,9.0000,102
103.0000000000,68.00000,-200.72461,3.0901,1.0220,103
104.0000000000,156.00000,-190.72461,1.8800,6.8800,104
105.0000000000,256.00000,-172.72461,2.1200,7.8400,105
106.0000000000,1900.00000,816.27539,1.3600,4.8000,106
107.0000000000,362.00000,-188.72461,1.7200,6.2400,107
108.0000000000,411.00000,-228.72461,2.2110,8.5500,108
109.0000000000,436.00000,-273.72461,1.3054,4.1600,109
110.0000000000,1899.00000,607.27539,1.2800,5.4000,110
111.0000000000,1902.00000,292.27539,1.0400,3.5200,111
112.0000000000,1906.00000,170.27539,1.1200,3.8400,112
113.0000000000,1906.00000,111.27539,1.1411,3.4100,113
117.0000000000,417.47978,-243.50903,0.0000,0.0000,117
122.0000000000,1900.96680,-294.15771,1.1595,3.0200,122
123.0000000000,1898.79297,-365.90674,9.8564,3.0400,123
124.0000000000,459.00098,-286.55811,7.9670,1.4300,124
125.0000000000,1888.64648,-448.52783,9.8564,3.0400,125
126.0000000000,1898.06787,-648.55664,1.3625,4.4100,126
127.0000000000,1895.16895,-736.25049,1.0436,2.6800,127
128.0000000000,1894.20557,-940.72998,7.8160,2.3000,128
129.0000000000,1897.10059,-979.08545,1.0823,3.3500,129
130.0000000000,1825.70947,-1604.38770,1.6575,4.9200,130
131.0000000000,1216.00000,-1615.72461,1.1200,3.8400,131
132.0000000000,1057.00000,-1616.72461,1.2757,4.3200,132
133.0000000000,938.00000,-1620.72461,1.3200,4.6400,133
136.0000000000,376.40576,-1623.49072,8.1044,1.8400,136
137.0000000000,-281.11377,-1611.72559,1.5947,3.8900,137
138.0000000000,1899.00000,938.27539,9.2000,3.0400,138
139.0000000000,1905.00000,1006.27539,1.2400,4.3200,139
140.0000000000,1916.78613,-1522.51416,1.3263,4.3100,140
141.0000000000,1917.82617,-212.72461,8.0000,2.0400,141
142.0000000000,1911.08398,-197.39209,9.7731,2.1800,142
143.0000000000,1894.37451,-193.57275,8.2145,1.7500,143
145.0000000000,1906.54785,-66.10254,1.1999,3.7300,145
146.0000000000,1932.09033,-86.63135,4.0112,1.0250,146
147.0000000000,-957.58691,-1584.27490,1.0403,2.5300,147
148.0000000000,-1049.03149,-1201.23389,1.3002,3.1200,148
149.0000000000,1879.34033,-1551.07520,1.0448,2.5600,149
150.0000000000,1875.21484,-1590.10791,1.3237,3.2900,150
151.0000000000,1847.60645,-1614.54346,1.0448,2.5600,151
152.0000000000,-1047.35010,-1156.21045,1.3209,1.9900,152
152.0000000000,320.19653,-1635.90869,1.0457,2.4600,152
153.0000000000,405.16357,-1554.86279,5.5223,8.7140,153
153.0000000000,2925.50439,-667.14014,1.6134,1.1382,153
154.0000000000,2201.75098,-970.98975,1.4532,8.8780,154
155.0000000000,2394.00098,-918.73730,9.7983,3.4100,155
156.0000000000,2323.22070,-976.28516,1.3510,6.1700,156
157.0000000000,2431.84912,-841.46240,8.7164,3.0300,157
158.0000000000,2485.77832,-815.26807,1.0604,2.8400,158
159.0000000000,2278.15088,-1002.09375,9.3701,3.3200,159
160.0000000000,2193.02002,-1041.77002,1.4817,5.6900,160
161.0000000000,2334.97998,-937.04980,7.1002,1.6900,161
162.0000000000,2284.29248,-955.04102,6.5272,2.0200,162
163.0000000000,2133.02441,-1069.90918,8.8225,2.7400,163
164.0000000000,2249.94629,-970.13916,6.2869,1.5700,164
165.0000000000,2213.43604,-969.35156,2.7140,1.0490,165
166.0000000000,2137.55029,-997.08643,1.2266,3.6300,166
167.0000000000,2088.15576,-1028.36133,2.0111,6.7900,167
168.0000000000,2417.95215,-911.85547,1.0691,3.1100,168
170.0000000000,2392.91357,-862.26318,1.0619,4.7800,170
171.0000000000,1894.92920,-1155.66699,1.1053,4.2400,171
172.0000000000,1907.95605,-1047.47461,1.2894,3.2800,172
173.0000000000,1941.24561,-1152.77197,1.2008,3.1000,173
174.0000000000,1936.17969,-1015.99365,1.0131,3.1400,174
175.0000000000,1924.00000,26.77539,5.9564,1.6870,175
176.0000000000,1960.25781,-163.01855,5.0058,1.3730,176
177.0000000000,2028.74756,30.79248,4.2446,7.5000,177
178.0000000000,2064.50000,-46.22461,3.4968,7.9900,178
179.0000000000,2006.79297,-100.35547,3.0245,7.3200,179
180.0000000000,2080.28564,-110.48828,3.5936,5.2000,180
181.0000000000,1988.45508,-117.11963,0.0000,0.0000,181
182.0000000000,1997.47314,-132.90039,3.0225,8.3400,182
183.0000000000,1987.44434,-14.56934,2.6383,5.3700,183
184.0000000000,1987.92188,-27.45947,2.5928,3.5500,184
185.0000000000,1987.92188,-45.60156,2.6594,5.3300,185
186.0000000000,1991.74072,-68.04004,2.8394,5.7400,186
187.0000000000,1992.21826,-79.02051,2.8400,6.9600,187
188.0000000000,1959.81299,-4.36377,6.5759,1.3100,188
189.0000000000,1919.97363,-2.63379,8.8547,1.5900,189
190.0000000000,1950.84521,3.99951,3.8682,5.9000,190
191.0000000000,1939.17090,-8.35742,7.9300,1.5300,191
192.0000000000,1912.96729,46.06592,1.2411,2.5500,192
193.0000000000,1943.04443,53.22363,5.5380,9.1000,193
194.0000000000,1931.58643,54.17871,5.1560,8.3000,194
195.0000000000,1964.50000,54.27539,5.8000,1.0000,195
196.0000000000,1980.75000,51.77539,3.5000,4.9000,196
197.0000000000,1990.25000,56.02539,5.6000,8.5000,197
198.0000000000,2005.00000,52.52539,4.3000,7.6000,198
199.0000000000,2015.75000,44.52539,5.0000,9.2000,199
200.0000000000,1855.75000,38.52539,6.4000,2.1300,200
203.0000000000,1660.75000,94.27539,3.5000,4.9000,203
205.0000000000,1542.25000,104.02539,7.6000,1.2000,205
206.0000000000,1847.10986,-49.39258,1.5086,3.9900,206
207.0000000000,2028.97949,-47.03369,1.3094,2.8200,207
208.0000000000,2028.97949,-82.98779,1.3238,2.7300,208
209.0000000000,2035.66357,-136.31104,1.2305,2.6400,209
210.0000000000,1433.00000,-1612.72461,1.9200,8.6000,210
211.0000000000,1472.00000,-1616.72461,1.8800,6.8800,211
212.0000000000,2042.50000,34.02539,7.5000,1.3400,212
213.0000000000,2118.00000,33.27539,1.8000,6.5600,213
214.0000000000,2285.00000,34.27539,2.1200,9.6000,214
215.0000000000,2180.00000,24.27539,1.6800,6.0800,215
216.0000000000,2375.00000,63.27539,2.2400,1.0200,216
217.0000000000,2492.00000,94.27539,2.1600,8.0000,217
218.0000000000,2420.00000,81.27539,2.3582,8.4600,218
219.0000000000,2449.00000,167.42871,3.0178,1.2420,219
220.0000000000,2447.00000,126.50586,1.3782,4.5000,220
221.0000000000,2482.00000,261.26465,4.9200,1.4400,221
222.0000000000,2516.00000,199.71191,2.0646,7.6000,222
223.0000000000,2603.00000,259.77246,3.5795,1.3310,223
224.0000000000,2660.00000,305.27539,3.1963,1.0080,224
225.0000000000,2692.50000,357.77539,2.4074,7.8800,225
226.0000000000,2740.00000,415.27539,2.1731,6.0800,226
227.0000000000,2827.00000,489.27539,2.7864,1.1000,227
228.0000000000,2895.00000,562.27539,2.5371,6.8600,228
229.0000000000,2981.00000,657.27539,3.3345,1.0260,229
230.0000000000,3031.00000,695.27539,2.8403,1.0980,230
231.0000000000,3128.00000,835.27539,2.0607,8.4000,231
232.0000000000,3192.00000,918.27539,2.5357,9.7200,232
233.0000000000,3211.00000,1021.27539,1.8889,6.3000,233
234.0000000000,3143.00000,1245.27539,1.7600,7.8000,234
235.0000000000,3043.00000,1668.27539,2.3600,8.8000,235
236.0000000000,3066.00000,2031.27539,3.4616,1.2480,236
237.0000000000,3230.00000,1064.27539,2.0017,6.0800,237
238.0000000000,2396.00000,3339.27539,3.7250,1.5840,238
239.0000000000,2526.00000,3322.27539,2.1390,7.6800,239
240.0000000000,2438.00000,3455.27539,5.9140,2.2720,240
241.0000000000,2653.00000,3444.27539,1.8800,6.8800,241
242.0000000000,2722.00000,3444.27539,1.2000,4.1600,242
243.0000000000,2273.00000,3392.27539,1.6119,6.3000,243
244.0000000000,2243.00000,3579.27539,2.2652,8.1600,244
245.0000000000,1881.00195,3672.14941,3.3035,1.1990,245
247.0000000000,869.66650,159.94141,5.8850,1.5400,247
250.0000000000,638.66699,514.60791,1.1600,3.1200,250
250.0000000000,715.36572,514.27539,4.2032,1.0740,250
252.0000000000,650.00049,71.27490,5.1646,1.0940,252
253.0000000000,562.66748,70.94141,4.5778,1.2820,253
254.0000000000,616.00098,39.27490,1.0006,2.4900,254
255.0000000000,629.66748,66.27441,4.6666,1.2200,255
256.0000000000,611.05957,54.49707,6.1470,1.2400,256
257.0000000000,632.50049,51.10791,5.2677,1.3100,257
258.0000000000,628.00049,67.27490,5.2084,1.1060,258
259.0000000000,533.66748,52.27441,3.5066,1.9590,259
260.0000000000,601.03760,134.46826,2.4795,1.0070,260
261.0000000000,569.66748,140.93750,2.4134,8.3100,261
262.0000000000,508.66699,78.60791,3.0258,1.5800,262
263.0000000000,554.66699,7.94141,3.2933,1.3510,263
264.0000000000,534.00000,201.94141,4.6533,1.9410,264
265.0000000000,558.00000,-29.55811,1.6492,3.3100,265
266.0000000000,613.00049,-11.72559,1.7714,6.3700,266
267.0000000000,570.66650,405.44189,7.7800,3.5430,267
268.0000000000,538.28662,304.94141,3.7513,1.1300,268
269.0000000000,518.66699,-12.97559,2.3612,1.0860,269
270.0000000000,584.66699,-210.05859,7.8533,1.5540,270
271.0000000000,538.33447,135.26074,2.2404,1.0200,271
272.0000000000,488.33398,104.60791,1.9733,7.8000,272
273.0000000000,488.00049,340.27466,5.0666,1.3220,273
274.0000000000,466.25122,419.60864,2.9700,1.4700,274
274.1000000000,553.70215,419.60864,6.7858,2.2900,274
275.0000000000,591.16699,-282.89111,2.9833,8.8100,275
276.0000000000,468.00049,309.94116,3.8800,1.2480,276
277.0000000000,450.33350,309.94116,3.8933,1.3730,277
278.0000000000,529.08350,-93.97461,2.2533,5.8900,278
279.0000000000,538.41699,-343.07715,2.3991,6.1100,279
280.0000000000,680.09640,-303.93359,3.6608,8.7000,280
281.0000000000,561.91699,-356.72559,9.5000,2.4900,281
282.0000000000,561.91699,-378.84961,9.9866,3.3300,282
283.0000000000,575.83350,-395.39209,3.6667,6.3000,283
283.0000000000,641.83496,-315.08887,1.2464,2.4200,283
284.0000000000,573.33350,-343.89209,4.8667,1.0500,284
285.0000000000,565.00000,-327.39209,8.0001,1.6400,285
287.0000000000,632.00000,-147.72510,5.3733,1.2310,287
288.0000000000,513.66650,-155.72461,5.0407,8.2600,288
289.0000000000,620.43555,-318.39209,9.0722,1.9200,289
290.0000000000,538.58398,-188.22461,3.7633,9.4500,290
291.0000000000,666.33398,-359.39160,2.1157,3.9100,291
292.0000000000,620.33350,-343.89209,1.4600,3.8100,292
293.0000000000,607.16699,-333.05859,4.2000,8.0000,293
294.0000000000,651.45850,-377.55859,1.3309,3.1000,294
295.0000000000,617.66699,-356.89160,1.3501,3.1200,295
296.0000000000,561.33398,-163.22461,4.7400,9.3200,296
298.0000000000,593.00049,-371.68311,3.6430,6.6000,298
299.0000000000,592.33350,-395.39209,3.2000,5.2000,299
300.0000000000,629.33301,-375.55859,8.4667,2.2900,300
301.0000000000,637.83252,-399.22412,5.8441,1.1100,301
302.0000000000,650.91699,-147.72510,5.3758,1.2640,302
303.0000000000,504.33350,231.27466,4.7466,1.6860,303
304.0000000000,492.00049,14.22852,1.0684,4.1100,304
304.1000000000,510.00049,-2.16260,6.1553,1.6800,304
305.0000000000,509.00049,40.60791,2.7700,1.1050,305
306.0000000000,538.28662,761.61182,1.4764,4.5640,306
307.0000000000,631.33496,19.91113,1.2677,4.4300,307
310.0000000000,448.00024,568.94189,3.2000,1.5920,310
311.0000000000,454.33325,512.60840,3.1450,1.4610,311
312.0000000000,458.66675,485.60840,2.8533,1.5670,312
313.0000000000,516.00098,24.27441,6.4000,1.9200,313
314.0000000000,464.33398,22.48291,5.8432,1.7400,314
315.0000000000,484.66675,390.60840,3.4533,1.6260,315
316.0000000000,482.66417,364.54233,3.4316,1.4500,316
316.1000000000,511.13362,364.88533,0.0000,0.0000,0
317.0000000000,599.00049,396.60815,7.3066,2.6250,317
318.0000000000,539.06201,701.89600,2.4544,6.3400,318
319.0000000000,508.54248,679.16333,6.2952,1.4700,319
320.0000000000,479.49951,667.81714,4.6125,1.4290,320
321.0000000000,513.66650,643.77539,6.4666,1.7700,321
322.0000000000,481.87451,610.10889,1.5291,2.5200,322
323.0000000000,562.10547,679.32251,1.2985,3.4300,323
324.0000000000,569.20215,649.02539,1.1835,1.9400,324
325.0000000000,594.00000,609.02539,1.3300,3.6300,325
327.0000000000,514.25000,879.52539,4.2500,1.3300,327
327.1000000000,514.36342,879.56748,0.0000,0.0000,0
328.0000000000,491.47705,746.88379,1.1340,3.4700,328
329.0000000000,544.20215,762.52539,2.2191,3.0000,329
330.0000000000,545.95215,861.02539,3.5191,7.7000,330
330.0000000000,667.00000,-202.97461,6.3942,1.6200,330
331.0000000000,640.75000,-174.47461,3.6000,7.8000,331
332.0000000000,461.91772,536.60864,3.0767,1.0740,332
333.0000000000,1842.51660,-301.01563,1.3600,4.8000,333
334.0000000000,616.00000,-175.47461,5.7000,1.7000,334
335.0000000000,386.16626,612.62817,1.4870,3.8700,335
336.0000000000,686.00000,-353.72559,8.5249,1.7500,336
337.0000000000,622.00049,318.94141,1.0133,4.6400,339
338.0000000000,669.00000,-166.97461,7.0851,2.2100,338
339.0000000000,585.33350,379.27466,5.7334,1.7300,274
340.0000000000,467.91797,454.94189,2.8766,1.2550,340
341.0000000000,401.99976,643.62817,2.8078,4.9000,341
342.0000000000,387.66675,809.60889,5.6933,2.0330,342
343.0000000000,463.52686,863.10889,7.8105,2.3800,343
344.0000000000,617.33350,-367.05859,1.4666,2.3300,344
345.0000000000,512.00000,895.77539,8.4000,2.1600,345
346.0000000000,498.75000,1004.02539,3.7400,8.2100,346
347.0000000000,361.83325,773.25317,4.8755,1.1800,347
348.0000000000,443.71484,940.02539,7.7309,1.5000,348
349.0000000000,436.50000,1013.02539,9.4267,1.9400,349
350.0000000000,445.91895,685.19214,7.1011,1.9400,350
351.0000000000,425.88159,772.87817,1.4992,4.0500,351
353.0000000000,500.00000,807.52539,9.6520,2.5300,353
354.0000000000,499.75000,762.90039,2.9349,5.3000,354
354.1000000000,1269.50000,-119.63916,4.4341,1.1300,354
355.0000000000,523.50000,763.77539,3.2000,6.4000,355
356.0000000000,522.54199,802.56763,3.4915,7.5000,356
357.0000000000,425.88159,742.22119,1.4992,4.0500,357
358.0000000000,446.23730,722.70459,2.8664,5.1000,358
359.0000000000,587.33398,469.01685,4.7698,1.2500,359
360.0000000000,426.49951,601.77539,1.2140,2.4400,360
361.0000000000,584.66748,499.27466,1.1866,3.5100,361
362.0000000000,254.66675,568.94189,4.0799,1.8160,362
363.0000000000,268.33325,512.27515,4.6800,2.0960,363
364.0000000000,275.01912,484.62695,1.9066,9.5200,364
365.0000000000,274.33325,419.27539,4.6933,2.2460,365
366.0000000000,279.33350,390.94189,4.5600,2.3180,366
367.0000000000,285.00024,366.02539,4.6266,2.6320,367
368.0000000000,196.00000,593.60840,9.8666,3.7300,368
369.0000000000,356.66699,104.60791,3.2133,1.3170,369
370.0000000000,327.00024,80.27490,4.6533,2.0840,570
371.0000000000,295.00024,465.94189,1.8933,9.4400,371
372.0000000000,296.00024,234.48340,5.2083,2.3430,372
373.0000000000,263.66675,223.14990,5.6483,2.3720,373
374.0000000000,273.33350,535.60840,3.6000,1.3760,374
374.1000000000,227.66675,551.94189,1.2800,9.7000,374
375.0000000000,360.66675,243.60791,1.7066,5.2400,375
376.0000000000,331.33350,40.94141,4.6933,2.1030,376
377.0000000000,196.33350,451.60864,1.3199,6.1900,377
378.0000000000,263.00024,451.60864,1.3466,6.9200,378
379.0000000000,229.33350,471.94189,1.3733,7.6500,379
379.1000000000,229.33350,453.54590,1.5491,1.2450,379
380.0000000000,229.33350,433.21265,1.4508,9.7700,380
381.0000000000,368.33350,145.94141,2.2666,6.4300,381
382.0000000000,346.00757,-12.08984,4.7932,2.6000,382
382.1000000000,208.12085,-12.90283,8.8916,3.1800,382
383.0000000000,231.66675,226.94116,5.3200,2.2300,383
384.0000000000,364.66699,117.94141,2.7066,9.3800,384
385.0000000000,356.00024,175.94141,2.3600,8.1100,385
386.0000000000,342.66699,436.94189,1.6000,5.7600,386
387.0000000000,343.00024,468.60864,1.6000,5.3200,387
388.0000000000,338.66699,6.13721,5.7629,3.3530,388
389.0000000000,195.00000,187.14990,7.1150,3.4570,389
390.0000000000,305.66675,724.94434,6.0923,2.1680,390
391.0000000000,352.66675,291.94141,2.0978,9.0600,391
392.0000000000,417.33350,-38.42334,1.0120,3.8500,392
393.0000000000,285.50000,773.25317,2.0342,6.3700,393
394.0000000000,258.83301,726.44189,1.7325,4.5500,394
395.0000000000,281.49976,747.58643,1.0191,2.8200,395
396.0000000000,333.00000,703.94238,1.0791,3.1300,396
397.0000000000,332.66650,680.10889,1.1124,3.0900,397
398.0000000000,335.83325,667.60913,1.1924,3.5100,398
399.0000000000,228.33301,667.93896,2.6634,7.4300,399
400.0000000000,335.50000,642.94214,1.1799,3.4800,400
401.0000000000,215.99976,643.44214,2.9266,7.9700,401
402.0000000000,288.99976,620.94214,1.2000,2.9100,402
403.0000000000,237.66675,378.60864,1.4933,4.9300,403
404.0000000000,281.83301,703.94189,6.8583,1.6800,404
405.0000000000,247.49951,751.27539,6.4583,1.7600,405
406.0000000000,227.83301,725.27539,1.2458,3.3500,406
407.0000000000,225.66626,707.60864,1.1600,3.4200,407
408.0000000000,191.16650,707.77539,8.9251,1.9600,408
409.0000000000,224.83301,605.94214,9.8000,1.6600,409
410.0000000000,286.16675,820.77539,1.2533,3.2200,410
411.0000000000,308.19336,842.60864,9.0053,2.5500,411
412.0000000000,304.33325,822.10864,1.1900,3.2800,412
413.0000000000,334.33301,748.10889,4.8340,1.2000,413
414.0000000000,333.33301,733.27539,5.0666,1.1500,414
415.0000000000,315.66650,736.77539,8.6000,2.2200,415
416.0000000000,281.16626,721.94214,7.8000,2.1500,416
417.0000000000,290.49951,689.94189,6.2000,1.4100,417
418.0000000000,224.49976,743.44214,6.2666,1.4500,418
419.0000000000,442.66748,22.27441,7.6093,2.2400,419
420.0000000000,316.16650,589.27539,7.9547,1.3400,420
421.0000000000,245.33350,369.27515,8.3999,3.0400,421
422.0000000000,194.00000,377.69189,4.6583,1.3500,422
423.0000000000,349.00024,348.60815,1.9200,7.5600,423
424.0000000000,635.66748,463.94141,9.0666,2.3500,424
425.0000000000,91.33350,7.13770,4.6588,3.1210,425
426.0000000000,247.66675,56.60840,1.0133,4.0600,426
427.0000000000,82.07983,567.31323,2.7955,1.8800,427
428.0000000000,7.66699,542.67676,9.0501,2.6800,428
429.0000000000,95.40381,542.42529,2.1117,7.3900,429
430.0000000000,30.54395,549.21313,1.1765,3.8600,430
431.0000000000,99.92983,531.99438,3.1819,8.6800,431
432.0000000000,-15.37500,506.77539,3.0117,8.6100,432
433.0000000000,-83.32471,470.52881,1.4413,4.3000,433
435.0000000000,136.96338,462.03784,5.0694,1.4800,435
436.0000000000,66.24194,518.03857,1.6793,5.4100,436
437.0000000000,115.79126,320.43433,1.1996,6.1130,437
438.0000000000,72.66650,462.44238,1.4316,3.6800,438
439.0000000000,42.27490,416.01807,1.6952,5.1600,439
440.0000000000,87.88965,279.13770,6.9900,3.1000,440
442.0000000000,-66.24341,471.25732,1.0668,3.6400,442
443.0000000000,59.10596,428.04419,7.0328,2.2000,443
444.0000000000,76.23730,441.65747,8.5672,2.5600,444
445.0000000000,-55.36205,119.07764,9.1681,2.9560,445
446.0000000000,31.16675,220.35840,4.6033,1.6340,446
447.0000000000,-188.33325,132.94238,7.6816,3.2160,447
449.0000000000,56.50000,190.27539,1.0000,3.0100,449
450.0000000000,54.25000,204.02539,9.2000,2.8800,450
451.0000000000,7.16675,328.85889,2.7899,7.7900,451
452.0000000000,56.47168,314.89380,1.0180,3.3900,452
453.0000000000,72.80298,259.27393,1.6274,4.3500,453
454.0000000000,16.25000,291.02539,1.4000,4.1200,454
455.0000000000,61.75000,273.68848,3.7175,8.5000,455
456.0000000000,15.00000,198.44189,3.5109,1.3710,456
457.0000000000,-14.75000,255.27539,1.5300,5.4800,457
458.0000000000,-11.25000,157.02539,9.8000,2.3900,458
459.0000000000,-200.00000,294.27539,8.7200,4.2600,459
460.0000000000,43.33350,374.44238,1.4200,3.3000,460
460.0000000000,64.46045,396.08447,9.1523,3.0200,460
461.0000000000,16.71582,476.29224,1.2330,3.8000,461
462.0000000000,-17.22241,458.58545,1.3421,3.8100,462
463.0000000000,-22.50000,445.44238,2.1333,6.3500,463
464.0000000000,17.83325,409.60913,1.4200,3.7000,464
465.0000000000,-28.66675,402.44238,1.8733,5.5300,465
466.0000000000,-66.00000,380.10913,8.8666,2.3000,466
467.0000000000,-0.56974,365.77539,2.5184,9.0000,467
468.0000000000,30.49976,451.10913,6.7835,1.6000,468
469.0000000000,-52.33325,356.69214,1.1300,3.3200,469
471.0000000000,-226.00000,241.27539,7.0800,3.4400,471
472.0000000000,-27.25000,81.02539,5.6401,2.0580,472
473.0000000000,-5.83105,46.01221,1.4021,4.2300,473
474.0000000000,-209.59375,51.02539,7.9914,2.6410,474
474.0000000000,31.29395,61.60156,8.3796,2.9000,474
475.0000000000,59.00000,46.27490,1.4733,6.1800,475
476.0000000000,86.30615,61.72656,9.4744,3.1900,476
477.0000000000,33.20483,92.54932,3.1459,1.1190,477
478.0000000000,136.96338,212.91187,0.0000,0.0000,478
479.0000000000,-25.50000,312.10913,1.3599,5.6300,479
480.0000000000,148.22144,334.54419,7.1996,2.1300,480
481.0000000000,-24.51294,486.11255,1.6792,6.4400,481
482.0000000000,86.50000,29.48730,8.9152,2.8000,482
483.0000000000,-179.00000,97.31201,5.6389,2.0060,483
484.0000000000,-24.26025,469.52051,1.5888,6.6700,484
485.0000000000,50.70825,339.98413,1.0266,4.3100,485
486.0000000000,126.73022,496.57007,6.4919,1.5800,486
487.0000000000,-27.33350,350.10913,9.9333,4.4300,487
488.0000000000,-5.41675,190.69189,1.4466,4.0800,488
488.0000000000,67.50000,232.27539,1.0200,3.0800,488
489.0000000000,57.33350,145.10840,1.6208,6.2900,489
490.0000000000,96.67505,489.65723,1.0218,3.1600,490
491.0000000000,-249.33325,237.27515,5.6900,2.5230,491
492.0000000000,-223.45825,265.27490,4.9183,1.8840,492
493.0000000000,-125.66650,304.10889,6.5833,3.4480,493
494.0000000000,-80.62476,255.27515,4.5466,1.7540,494
495.1000000000,-148.66650,207.27539,1.3999,6.9500,495
495.2000000000,-148.66650,261.60840,7.2000,2.8800,495
495.3000000000,-148.66650,384.27539,2.9600,1.6320,495
496.1000000000,-205.12476,206.77490,1.3558,5.1800,496
496.2000000000,-206.33350,261.60840,7.6000,3.3600,496
496.3000000000,-205.66675,347.27515,2.1066,1.0650,496
497.0000000000,-269.60034,155.27539,8.5835,4.6390,497
498.0000000000,-322.14453,247.27539,4.1454,2.1840,498
500.0000000000,-101.50000,392.77539,2.0400,8.9300,500
501.0000000000,-100.00000,446.85596,4.9677,1.4800,501
502.0000000000,-293.45020,333.77539,1.2019,5.4300,502
503.0000000000,-259.00000,50.02539,1.0050,3.1100,503
504.0000000000,-241.75000,-3.72461,2.1700,8.5000,504
505.0000000000,-300.33496,50.27539,3.3922,1.2280,505
506.0000000000,-345.89038,329.38940,1.0453,4.2600,506
507.0000000000,-321.61816,51.39551,8.8624,3.3300,507
507.1000000000,-290.30469,51.65381,4.5441,1.2700,507
508.0000000000,-65.25000,207.27539,0.0000,0.0000,508
508.1000000000,-66.33325,254.52539,5.4333,1.3400,508
509.0000000000,-215.41675,151.48340,2.4784,2.9000,509
510.0000000000,-69.00000,330.10889,3.6666,7.9000,510
511.0000000000,-69.00000,314.60913,3.7333,8.3000,511
512.0000000000,-196.75000,-3.89893,2.1210,7.3800,512
513.0000000000,-132.25000,68.52539,9.8000,3.0600,513
514.0000000000,-153.25000,65.02539,3.2000,6.3000,514
514.0000000000,-150.50000,-2.00293,1.9672,5.5300,514
515.0000000000,-107.75000,-1.54297,1.9352,6.6900,515
516.0000000000,-65.62500,30.16748,6.2623,1.8000,516
517.0000000000,-177.00000,309.77539,5.6200,4.2400,517
518.0000000000,-31.86816,-27.41357,1.0289,2.7700,518
519.0000000000,-296.82397,217.60840,3.0476,1.1980,519
520.0000000000,-250.50000,525.27539,2.2200,8.2400,520
521.0000000000,-222.25000,528.02539,2.0400,9.6000,521
522.0000000000,-206.15259,548.20557,8.0513,2.7000,522
523.0000000000,-186.97290,548.20557,8.5376,3.3900,523
524.0000000000,-176.25000,567.52539,2.9600,1.0530,524
525.0000000000,-125.95178,548.20557,1.1555,4.9400,525
526.0000000000,-153.25000,538.77539,7.3000,3.0500,526
527.0000000000,-145.65234,554.95557,5.2795,1.4800,527
528.0000000000,-169.14673,527.13037,2.1525,1.0370,528
529.0000000000,-121.00000,723.94189,5.0268,2.0050,529
530.0000000000,-249.62012,642.35864,5.5831,2.6690,530
531.0000000000,-255.00000,746.02539,4.0366,1.4260,531
532.0000000000,-200.78865,665.52515,2.2914,7.3800,532
533.0000000000,-172.75000,687.27539,2.1100,7.8000,533
534.0000000000,-235.78157,698.40039,4.2226,1.4350,534
535.0000000000,-217.71606,670.15723,6.7608,1.9800,535
536.0000000000,-229.89987,793.21692,0.0000,0.0000,536
537.0000000000,-214.62500,773.40039,0.0000,0.0000,537
538.0000000000,-189.53857,770.60913,3.3244,1.2190,538
539.0000000000,-151.73975,755.27539,0.0000,0.0000,539
540.0000000000,-303.61841,742.16528,4.7090,2.1250,540
541.0000000000,-322.27832,734.29150,4.2797,1.9840,541
542.0000000000,-375.54810,714.63818,6.4196,2.1100,542
543.0000000000,-349.78833,828.30225,2.4317,1.1940,543
544.0000000000,-336.71118,734.61206,4.4672,1.6700,544
545.0000000000,-355.59253,724.62939,3.4292,2.2380,545
546.0000000000,-367.88989,658.64282,1.0162,3.5400,546
547.0000000000,-368.50415,681.14844,8.5924,3.1700,547
548.0000000000,-374.78882,740.10669,5.3791,1.1200,548
549.0000000000,-376.45264,787.08911,6.6641,1.9500,549
550.0000000000,-376.08350,805.51831,1.3180,4.3300,550
551.0000000000,-194.25000,505.33332,7.2561,1.1700,551
552.0000000000,-242.50000,831.44189,0.0000,0.0000,552
552.0000000000,-203.97741,516.25927,0.0000,0.0000,552
553.0000000000,-174.96802,507.23145,6.8856,1.3800,553
554.0000000000,-201.37500,489.27539,4.5737,7.6000,554
555.0000000000,-317.23389,567.39160,2.3954,7.0200,555
556.0000000000,-202.87500,470.52539,4.2834,6.7000,556
557.0000000000,-241.62500,772.77539,1.4278,4.8400,557
558.0000000000,-264.40430,507.58057,2.4261,8.7900,558
559.0000000000,-288.58911,502.45557,2.6100,8.8100,559
560.0000000000,-309.17146,510.20557,2.5016,9.5300,560
562.0000000000,-340.74989,489.20557,4.1805,1.5690,562
563.0000000000,-356.28735,556.70679,5.4870,1.8300,563
564.0000000000,-315.25000,492.77539,2.0700,8.5000,564
565.0000000000,-362.38892,545.00171,6.1598,1.7500,565
566.0000000000,-199.42529,751.77539,2.5317,7.0500,566
567.0000000000,-301.50000,448.52539,5.5000,1.8600,567
568.0000000000,-152.45361,657.51465,4.0429,8.4000,568
570.0000000000,-139.41772,756.16089,2.6992,1.0010,570
571.1000000000,-368.42285,752.31519,3.9262,9.6000,571
572.0000000000,-255.14459,612.77563,4.2681,2.5770,572
572.1000000000,-338.53711,622.56396,1.7673,1.0840,572
573.0000000000,-376.20703,796.22168,6.1087,1.3100,573
574.0000000000,-374.44458,702.23584,5.2864,1.2200,574
575.0000000000,-376.36719,727.99414,6.3612,1.7500,575
577.0000000000,-296.00000,611.10889,1.0167,2.6900,577
578.0000000000,-169.50000,756.19873,3.1438,1.3630,578
580.0000000000,-266.56201,739.90869,3.7483,8.2500,580
581.0000000000,-378.50757,769.40137,7.7617,2.7200,581
583.0000000000,-310.83325,813.94214,3.8000,8.0000,583
585.0000000000,-275.64063,738.83008,3.8527,1.5410,585
586.0000000000,-288.83325,619.26831,5.1304,7.5000,586
587.0000000000,-23.75000,642.77539,3.3100,1.6990,587
588.0000000000,-73.75000,772.77539,4.3300,1.9660,588
589.0000000000,-91.31694,680.46814,9.6726,5.7100,589
590.0000000000,-98.25000,739.77539,5.3698,1.3500,590
591.0000000000,-107.00000,769.02539,7.9570,2.3500,591
592.0000000000,-156.00000,859.94238,8.1009,2.6900,592
593.0000000000,-184.33325,857.10913,6.2671,1.7300,593
594.0000000000,-387.71338,860.14380,1.6374,8.3100,594
595.0000000000,-108.50000,831.02539,9.3000,3.7800,595
596.0000000000,-107.62500,798.02539,8.5500,2.9100,596
597.0000000000,28.00000,688.52539,2.2500,9.7800,597
598.0000000000,-19.25000,782.77539,3.7500,1.5210,598
599.0000000000,73.50000,789.27539,3.9400,1.1460,599
600.0000000000,40.12500,848.52539,2.4175,9.8500,600
601.0000000000,-50.25000,829.77539,7.9000,2.9500,601
602.0000000000,26.50000,791.77539,1.0800,4.4000,602
603.0000000000,112.00000,709.27539,8.4000,2.9700,603
604.0000000000,117.73828,783.50830,2.3548,1.0970,604
605.0000000000,-100.12500,725.65039,6.9000,2.6100,605
606.0000000000,-106.00000,755.52539,7.4578,2.0500,606
607.0000000000,96.25000,724.52539,7.1504,2.4500,607
608.0000000000,-107.75000,785.15039,8.3778,2.6100,608
609.0000000000,-60.50000,735.16431,3.3644,1.4320,609
610.0000000000,-256.29785,848.17773,4.9646,1.0400,610
611.0000000000,-298.50537,848.69873,4.6857,1.1100,611
612.0000000000,-36.50000,690.52539,1.7500,9.1000,612
613.0000000000,-41.00000,788.27539,1.2800,5.8300,613
614.0000000000,25.00000,814.40039,1.3700,4.5300,614
614.1000000000,55.87500,817.77930,4.3226,1.0100,614
615.0000000000,-40.50000,741.02539,1.1017,7.0800,615
616.0000000000,-7.61133,670.72534,1.0242,3.4500,616
617.0000000000,45.50000,667.27539,5.6000,1.8000,617
618.0000000000,98.25000,828.02539,5.6000,1.5300,618
619.0000000000,94.75000,781.59180,7.3734,2.8900,619
620.0000000000,91.75000,754.52539,5.4000,1.4600,620
621.0000000000,117.48828,678.02539,8.2953,3.3400,621
622.0000000000,117.48828,642.77539,4.3953,1.2000,622
623.0000000000,92.00000,642.77539,5.4000,1.7600,623
625.0000000000,59.46606,746.02539,2.1286,6.8900,625
626.0000000000,-579.25000,830.15039,5.8600,2.4640,626
627.0000000000,-905.66748,826.39795,7.6806,3.2050,627
628.0000000000,26.75000,700.52539,1.1200,4.0300,628
629.0000000000,61.25000,828.15039,4.2500,1.0400,629
629.1000000000,62.12183,807.46851,5.1903,1.6700,629
630.0000000000,98.25000,820.02539,4.8000,7.1000,630
631.0000000000,98.25000,808.02539,7.2000,2.5800,631
632.0000000000,94.75000,767.52539,6.6000,1.9100,632
633.0000000000,-919.16650,919.10889,3.0666,9.3000,633
634.0000000000,-898.66675,859.27539,9.6500,2.7600,634
635.0000000000,-845.50146,848.05737,7.2182,2.0700,635
636.0000000000,-817.62500,848.15039,2.3750,8.5300,636
637.0000000000,-717.41602,848.10864,1.1966,2.9800,637
638.0000000000,-634.79659,839.48934,0.0000,0.0000,638
639.0000000000,-678.62500,840.90039,1.1200,3.1000,639
640.0000000000,-768.37500,841.27539,1.5250,4.8400,640
641.0000000000,-912.64551,817.03247,7.9575,3.7400,641
642.0000000000,-910.66675,838.85864,7.4833,1.9000,642
643.0000000000,-883.29334,846.63016,1.1600,3.2000,643
644.0000000000,-866.31292,855.01895,0.0000,0.0000,644
645.0000000000,-862.04126,841.65039,6.7334,2.0000,645
646.0000000000,-872.83350,880.77588,1.5200,4.8300,646
647.0000000000,-611.25000,841.27539,6.3000,1.3200,647
648.0000000000,-535.87500,846.27539,7.4500,2.1700,648
649.0000000000,-852.83325,936.27563,1.9383,6.7700,649
650.0000000000,-832.25000,841.65039,4.4500,1.1200,650
651.0000000000,-769.20595,854.81831,0.0000,0.0000,651
652.0000000000,-655.00000,855.49961,3.5517,1.1610,652
653.0000000000,-832.25000,854.65039,4.4500,1.1200,653
654.0000000000,-879.33350,984.94238,1.3733,4.8500,654
655.0000000000,-884.71497,911.27563,1.6067,1.1600,655
656.0000000000,-569.92931,853.80363,0.0000,0.0000,656
657.0000000000,-523.87500,852.40039,8.8000,2.6600,657
658.0000000000,-554.75000,836.52539,6.2000,1.5900,658
659.0000000000,-819.33350,944.27563,1.8933,5.3100,659
660.0000000000,-807.66675,896.60913,1.2250,3.6300,660
661.0000000000,-830.83350,935.94238,4.7845,1.1900,661
662.0000000000,-834.33350,971.94238,5.9510,1.4100,662
663.0000000000,-886.33350,939.60913,1.1733,3.4600,663
664.0000000000,-879.83350,965.27563,6.4666,1.7700,664
665.0000000000,-899.83350,962.27563,8.7333,4.5300,665
666.0000000000,-902.46074,897.09872,0.0000,0.0000,666
667.0000000000,-879.83350,892.60889,3.8000,8.4000,667
668.0000000000,-883.66650,929.10913,4.8666,1.4400,668
669.0000000000,-871.33325,953.44238,5.0000,1.2900,669
675.0000000000,21.25000,746.27539,1.6300,5.5500,675
676.0000000000,-45.25000,620.77539,2.3853,1.5950,676
677.0000000000,49.87500,846.90039,6.6000,1.6700,677
678.0000000000,48.25000,746.27539,1.6700,7.0300,678
679.0000000000,156.70703,824.64185,1.3479,4.2200,679
680.0000000000,230.84009,799.38940,1.3257,4.2800,680
681.0000000000,245.40186,855.97705,1.8432,5.9100,681
682.0000000000,204.48169,885.46899,1.5778,5.9700,682
683.0000000000,190.95288,810.81738,3.2594,1.2240,683
684.0000000000,229.36572,832.38354,5.3823,1.2900,684
685.0000000000,274.89380,885.46899,6.7832,1.8800,685
686.0000000000,210.15698,852.65942,7.3148,1.8900,686
687.0000000000,207.20776,773.39966,6.0254,1.5900,687
687.0000000000,241.50269,941.82397,1.5692,5.4300,687
688.0000000000,190.79785,1069.69165,6.9538,2.8020,688
689.0000000000,285.00342,941.82397,4.7924,1.2500,689
690.0000000000,229.33740,965.41772,7.1518,2.3800,690
691.0000000000,218.27783,983.11304,7.8891,2.6200,691
692.0000000000,253.11523,1002.46680,9.2162,2.8500,692
692.0000000000,272.83813,984.21875,1.7768,7.0000,692
693.0000000000,229.15308,1034.35547,2.0644,8.6600,693
694.0000000000,213.66968,1010.94629,6.2670,2.0800,694
695.0000000000,249.06030,993.06616,2.9492,5.4000,695
696.0000000000,207.00928,1038.59521,6.4244,1.9400,696
697.0000000000,209.77417,1065.19702,7.3948,2.1900,697
698.0000000000,249.42896,1067.90234,7.9533,2.6400,698
699.0000000000,243.70532,1131.23193,1.0050,3.1900,699
700.0000000000,298.53461,964.01344,0.0000,0.0000,700
701.0000000000,321.61865,995.27832,1.0187,3.3600,701
702.0000000000,328.50439,941.82397,6.6983,1.8600,702
703.0000000000,316.11523,1226.85278,4.6338,2.3290,703
704.0000000000,218.64648,1149.92773,1.0469,3.3100,704
706.0000000000,361.49878,1207.99023,5.6034,1.5600,706
707.0000000000,390.99097,1205.59424,6.1196,1.6500,707
709.0000000000,236.34180,1172.83830,1.8795,9.9600,709
710.0000000000,218.64648,1097.76367,1.2165,3.9400,710
711.0000000000,249.06030,1096.10474,9.3636,2.7800,711
712.0000000000,272.53076,1079.26733,9.2654,2.4200,712
713.0000000000,231.18066,1100.15991,8.9950,3.0600,713
714.0000000000,212.19507,1055.24341,4.2145,1.0100,714
715.0000000000,248.69165,1035.46118,1.1501,3.5300,715
716.0000000000,210.90479,956.01709,3.5390,7.7000,716
717.0000000000,264.54346,955.21362,1.2473,4.4300,717
718.0000000000,248.87598,969.10400,5.2349,1.2900,718
719.0000000000,288.68994,967.26050,4.3500,9.3000,719
720.0000000000,268.22998,971.50000,4.7923,1.0600,720
721.0000000000,268.78296,1040.43774,1.5151,4.9200,721
722.0000000000,268.96729,993.98828,3.3175,6.7000,722
723.0000000000,211.07861,863.53467,7.7572,2.1300,723
724.0000000000,272.28491,924.33691,7.3041,2.5100,724
725.0000000000,313.75830,909.01392,1.3363,7.0700,725
726.0000000000,298.82788,1024.85644,2.6174,9.5300,726
727.0000000000,245.55811,911.41016,7.8541,2.9900,727
728.0000000000,333.90210,1164.86768,3.9518,1.5680,728
729.0000000000,268.96753,1123.56934,1.4745,5.1000,729
731.0000000000,218.64648,1193.79712,8.8475,2.7100,731
732.0000000000,251.02393,1201.56683,0.0000,0.0000,732
733.0000000000,250.90356,1145.31958,5.4560,1.8500,733
734.0000000000,293.11377,1123.56934,1.7031,5.7700,734
735.0000000000,305.39795,1151.21802,8.0964,3.1500,735
736.0000000000,321.13135,1043.57129,1.0838,3.7300,736
737.0000000000,305.09497,1078.96265,5.8984,1.9400,737
738.0000000000,283.57300,1056.84229,5.9372,1.5700,738
740.0000000000,312.46802,1197.29956,1.9759,1.2130,740
741.0000000000,314.95805,1176.93167,0.0000,0.0000,741
742.0000000000,282.05420,1176.10205,9.5849,3.4500,742
743.0000000000,268.25781,864.90356,7.7935,1.4000,743
744.0000000000,393.57153,1187.04297,1.2694,4.3400,744
745.0000000000,341.03857,1138.31519,7.7416,1.9300,745
746.0000000000,435.04492,1161.54053,1.4924,2.2000,746
747.0000000000,169.61548,1171.30957,1.8441,8.3700,747
748.0000000000,771.75000,587.73657,3.5315,1.4280,748
749.0000000000,712.56689,567.27539,1.5826,6.1000,749
749.1000000000,761.85400,566.94214,3.4083,7.1000,749
750.0000000000,717.33350,150.85864,1.6669,7.6910,750
751.0000000000,628.00000,568.60864,1.0266,4.5300,751
752.0000000000,739.66699,586.60864,1.1733,4.3300,752
752.1000000000,696.45215,586.39429,5.4668,1.8500,752
753.0000000000,787.99951,58.27490,2.9333,1.9360,753
757.0000000000,762.16650,281.94189,8.8466,3.2580,757
758.0000000000,811.49658,82.27490,7.9347,2.1100,758
759.0000000000,838.27734,86.94189,7.5783,2.2100,759
760.0000000000,739.66650,96.27490,9.2000,3.7600,760
761.0000000000,772.50000,-99.22461,5.9800,2.9220,761
762.0000000000,695.45215,301.60864,1.0208,5.2140,762
763.0000000000,808.00000,378.60864,1.4000,5.3100,763
764.0000000000,807.16650,328.27539,1.7666,6.4200,764
765.0000000000,809.52783,147.02490,1.4778,5.9300,765
766.0000000000,737.66699,188.94189,6.2666,2.0500,766
767.0000000000,736.50000,640.52539,1.1500,3.7500,767
767.1000000000,793.32910,640.52539,6.8316,1.9900,767
768.0000000000,715.44189,738.07983,3.7999,1.3490,768
769.0000000000,747.50000,674.77539,6.8000,1.8900,769
770.0000000000,743.33301,380.61060,7.0800,2.7680,770
771.0000000000,743.25000,703.02539,8.6000,2.2300,771
772.0000000000,743.50000,736.77539,8.4000,2.4500,772
773.0000000000,742.25000,773.27539,8.3000,2.4100,773
774.0000000000,794.33350,479.19189,1.0384,3.3000,774
775.0000000000,623.75000,643.52539,1.0600,4.1300,775
776.0000000000,641.67041,939.80542,1.0911,4.1200,776
777.0000000000,781.66650,431.94189,1.5466,5.9500,777
778.0000000000,730.31787,1214.52539,6.1728,1.9000,778
779.0000000000,732.81787,1195.02539,6.7728,1.7700,779
780.0000000000,737.00000,1161.77539,6.0000,1.6100,780
781.0000000000,736.75000,1146.27539,5.9000,1.5700,781
782.0000000000,738.00000,1127.77539,6.6000,2.0000,782
783.0000000000,737.88086,1101.64038,6.9700,1.9800,783
784.0000000000,739.31250,1083.46313,7.3874,2.2200,784
785.0000000000,744.50000,1046.02539,8.1939,2.8000,785
785.1000000000,757.14063,1036.18701,3.0741,5.9000,785
786.0000000000,737.00000,1175.52539,5.9000,1.4900,786
787.0000000000,782.33350,241.60864,3.1599,1.1040,787
788.0000000000,806.33301,460.60864,4.2666,1.0200,788
789.0000000000,809.33350,434.27515,6.4000,2.1100,789
790.0000000000,811.33350,414.60864,7.0666,2.3100,790
790.1000000000,819.66650,395.27539,6.1333,1.9000,790
790.2000000000,807.33350,397.60864,3.9999,9.9000,790
791.0000000000,823.33350,295.94189,1.0000,3.5800,791
792.0000000000,826.00000,274.60840,1.0800,3.4200,792
793.0000000000,827.00000,259.94189,1.1466,4.2100,793
794.0000000000,820.61133,220.27490,1.0377,3.9700,794
795.0000000000,820.61133,194.94141,1.0111,3.4000,795
796.0000000000,820.94482,179.94189,9.8445,3.0700,796
798.0000000000,746.00000,666.02539,7.7000,2.0800,798
799.0000000000,788.25000,667.52539,5.7535,8.8000,799
799.1000000000,794.75000,659.72754,5.2101,1.3300,799
800.0000000000,738.66699,80.60840,8.6667,4.2900,800
801.0000000000,744.13867,1026.63672,7.3723,1.8800,801
802.0000000000,741.95898,1007.27539,7.3420,2.2500,802
803.0000000000,743.25000,995.02539,7.6000,2.2800,803
804.0000000000,743.81250,977.46289,7.3875,2.2200,804
805.0000000000,745.25000,965.27539,7.9000,2.2700,805
806.0000000000,747.25000,946.27539,9.0879,3.2700,806
807.0000000000,795.66699,567.60864,8.6666,3.1700,807
808.0000000000,795.66699,543.60889,8.4000,2.7200,808
809.0000000000,852.33203,88.27490,6.2666,1.2400,809
810.0000000000,826.33203,83.94141,5.3332,1.6600,810
811.0000000000,793.33350,85.27539,6.2666,2.1300,811
811.1000000000,775.59424,85.60840,3.3623,6.9000,811
812.0000000000,746.50000,921.77539,9.8000,2.9400,812
813.0000000000,746.75000,900.77539,9.8058,2.7600,813
814.0000000000,744.75000,878.77539,9.4012,2.2800,814
815.0000000000,754.52051,826.40039,1.2420,4.3900,815
816.0000000000,607.10107,687.43018,7.6941,1.6900,816
817.0000000000,606.30371,716.36206,7.5034,1.6400,817
818.0000000000,582.43799,746.98560,1.7633,5.0000,818
819.0000000000,607.75000,777.40039,8.6460,2.7400,819
820.0000000000,604.63232,809.65771,1.0147,3.5300,820
821.0000000000,593.75000,884.19409,2.9297,1.0410,821
822.0000000000,786.00000,696.27539,5.7123,9.8000,822
823.0000000000,825.33203,99.27490,5.4666,1.3700,823
825.0000000000,797.92773,117.80176,1.1868,3.7500,825
826.0000000000,787.66650,109.60840,2.5333,3.9000,826
827.0000000000,592.00000,949.52539,1.6300,5.5200,827
828.0000000000,554.75000,1072.77539,2.9379,1.7950,828
828.1000000000,547.25000,1047.77539,2.9000,5.2000,828
829.0000000000,604.00000,1048.27539,1.1400,3.9200,829
830.0000000000,601.75000,1073.27539,1.1900,4.1200,830
831.0000000000,602.25000,1002.27539,1.8300,6.3000,831
832.0000000000,744.00000,716.27539,8.8000,2.8800,832
833.0000000000,742.00000,747.02539,8.1000,2.2100,833
834.0000000000,738.25000,760.02539,8.2000,3.8400,834
835.0000000000,754.52051,804.65039,1.2228,3.8700,835
836.0000000000,592.75000,1154.02539,1.3200,5.3600,836
837.0000000000,615.50000,1115.02539,1.2900,5.8800,837
837.2000000000,614.75000,1180.02539,8.6000,2.9300,837
837.3000000000,591.25000,1167.02539,8.2000,2.7600,837
838.0000000000,599.00000,1110.77539,1.2200,4.6800,838
839.0000000000,558.00000,982.52539,9.3102,2.0700,839
840.0000000000,593.99854,670.69214,1.0691,2.6900,840
841.0000000000,606.14502,728.60254,8.0121,2.2200,841
842.0000000000,607.75000,765.52539,8.4000,2.3000,842
842.0000000000,831.33203,125.94189,6.2666,1.6400,842
843.0000000000,603.75000,795.02539,1.0000,3.1800,843
844.0000000000,613.25000,823.02539,6.2000,1.7600,844
845.0000000000,613.00000,843.77539,6.2000,1.8400,845
846.0000000000,613.50000,864.02539,6.3000,1.9500,846
847.0000000000,613.50000,910.52539,6.3000,1.9500,847
848.0000000000,573.00000,1119.27539,8.4000,2.9700,848
848.0000000000,771.50000,724.08936,2.2525,8.3700,848
848.1000000000,578.25000,1087.90625,5.1523,1.4400,848
849.0000000000,618.50000,963.77539,5.0000,1.2600,849
850.0000000000,618.25000,996.52539,5.4000,1.5700,831
851.0000000000,619.50000,1020.77539,5.8000,1.6800,851
852.0000000000,740.66650,129.94189,1.3326,8.1400,852
853.0000000000,579.75000,903.77539,1.6300,5.5500,853
853.1000000000,578.46387,834.60913,1.3534,4.4600,853
854.0000000000,744.25000,-111.22461,6.3900,3.3010,854
855.0000000000,850.25000,-95.05713,5.9178,2.3490,855
856.0000000000,632.87793,626.89478,1.2697,3.8100,856
857.0000000000,581.25000,1001.52539,1.7281,5.8800,857
858.0000000000,733.50000,854.77539,8.2000,2.1000,858
859.0000000000,658.17139,922.72046,1.1820,3.6180,859
860.0000000000,693.75000,659.52539,1.8400,4.7500,860
861.0000000000,722.75000,619.27539,1.1700,3.1500,861
862.0000000000,802.33350,357.60864,1.6400,7.1000,862
863.0000000000,695.25000,-129.47461,7.8000,2.8000,863
864.0000000000,693.50000,-87.97461,1.0100,3.4000,864
867.0000000000,715.40507,1048.75464,9.1053,3.4370,867
868.0000000000,769.50000,357.94189,1.1266,2.5600,868
869.0000000000,753.33350,354.94189,8.2666,1.9100,869
870.0000000000,753.33350,308.94189,6.1333,1.6000,870
871.0000000000,753.33301,207.60840,4.5332,7.4000,871
872.0000000000,771.16650,318.27539,4.0666,9.9000,872
873.0000000000,772.00000,202.60840,3.6000,6.7000,873
874.0000000000,753.33350,398.27515,5.8666,1.5100,874
875.0000000000,753.66650,469.60864,3.5999,7.8000,875
876.0000000000,772.66650,389.94189,2.8000,4.8000,876
878.0000000000,749.75000,789.77539,1.3918,5.2900,878
879.0000000000,1088.33203,60.94141,9.5072,5.4990,879
880.0000000000,691.36816,-277.53662,3.2907,6.5000,880
881.0000000000,1090.50000,167.32861,4.3778,2.2860,881
881.0000000000,1102.33301,167.94189,3.9733,1.5250,881
882.0000000000,963.33203,115.69189,4.5594,2.3110,882
883.0000000000,966.16650,146.69141,4.9233,2.0200,883
884.0000000000,1010.00000,205.94141,2.3866,1.0260,884
885.0000000000,959.66650,201.27490,4.5066,1.8770,885
886.0000000000,1275.00000,172.94189,4.3066,1.6370,886
887.0000000000,1189.25000,89.77539,2.8900,1.2190,887
888.0000000000,1198.33350,216.27539,3.4533,1.2120,888
889.0000000000,1186.50000,158.32373,3.3019,1.5640,889
890.0000000000,1207.75000,104.27539,4.1300,1.5880,890
891.0000000000,968.87500,237.27441,9.6503,3.3500,891
892.0000000000,941.00000,230.27490,1.1599,4.2700,892
893.0000000000,1063.87451,241.48438,1.1831,4.1900,893
894.0000000000,1234.00000,183.94238,6.5332,1.5800,894
895.0000000000,1185.66699,190.27539,1.0533,3.5700,895
896.0000000000,1154.66650,194.94238,9.8666,5.3100,896
897.0000000000,1296.50000,188.52539,7.9000,2.6300,897
898.0000000000,1287.00000,237.27539,6.6667,2.2400,898
899.0000000000,1225.00000,192.27539,1.0000,3.7900,899
900.0000000000,941.00000,174.27539,9.7332,3.4600,900
901.0000000000,953.33350,237.94092,8.6667,3.1700,901
902.0000000000,979.00000,171.27490,1.0933,3.9800,902
903.0000000000,900.66699,162.94189,1.7066,6.2400,903
904.0000000000,892.33350,220.94189,1.8800,8.8800,904
905.0000000000,999.00000,236.94141,9.4667,2.9300,905
906.0000000000,985.66650,173.60840,1.0000,3.5800,906
907.0000000000,1036.24854,229.35986,7.4667,2.4500,907
908.0000000000,1060.75244,92.58838,1.0763,4.1400,908
909.0000000000,1134.50000,135.27539,7.9000,2.4000,909
910.0000000000,1235.75000,133.27539,7.9000,2.1400,910
911.0000000000,963.74902,191.52539,3.8667,9.2000,911
912.0000000000,1073.49951,130.94092,7.8530,2.6400,912
913.0000000000,1072.91650,75.52490,8.2511,2.9200,913
914.0000000000,1213.25000,143.27539,5.7000,1.7000,914
915.0000000000,1225.25000,129.52539,4.2000,1.0100,915
916.0000000000,1102.33301,167.94189,0.0000,0.0000,0
917.0000000000,880.33203,97.27539,1.0666,4.3300,917
917.1000000000,974.66504,97.27539,3.0000,1.4000,917
918.0000000000,691.00000,-7.47461,2.3900,9.9400,918
919.0000000000,696.25000,-190.97461,2.4400,9.6400,919
920.0000000000,802.50000,-101.47412,6.1700,2.6950,920
921.0000000000,861.91406,-95.05713,5.9022,2.1490,921
922.0000000000,981.33203,83.94189,3.0996,1.6270,922
922.1000000000,881.99854,83.60840,1.1466,4.9700,922
923.0000000000,759.25000,-104.89160,6.4233,2.9600,923
924.0000000000,905.50000,-198.72461,1.4000,6.8400,924
925.0000000000,1300.25000,209.27539,6.5000,1.8700,925
926.0000000000,1300.25000,171.77539,5.3000,1.4200,926
927.0000000000,927.25000,-199.72461,7.9000,2.4000,927
928.0000000000,703.50000,-35.72461,3.7197,1.4210,928
929.0000000000,1037.00000,214.94189,4.3998,1.1500,929
930.0000000000,1036.66699,248.60840,6.5332,1.9700,930
931.0000000000,986.66650,233.60840,1.1466,4.4700,931
932.0000000000,964.87500,213.60840,3.1167,6.0000,932
933.0000000000,954.00000,213.52441,4.3996,1.2000,933
934.0000000000,962.33350,158.27490,6.8000,1.5200,934
935.0000000000,998.00000,158.94189,3.4666,7.1000,935
936.0000000000,1023.66699,172.94189,9.4666,3.7300,936
937.0000000000,1073.00000,172.94141,9.2000,3.6000,937
938.0000000000,922.33350,242.60840,6.4001,2.0200,938
939.0000000000,926.33350,174.60840,9.8666,4.3000,939
940.0000000000,1189.75000,75.27539,2.8500,8.1900,940
941.0000000000,858.00000,237.60840,4.2664,9.7000,941
942.0000000000,889.66650,235.27490,5.8667,1.7900,942
943.0000000000,677.00000,-65.97461,4.2491,9.4000,943
944.0000000000,1090.33057,44.27637,9.3733,4.2870,944
945.0000000000,1152.25000,134.27539,8.3000,3.0400,945
946.0000000000,1213.33350,189.94189,1.0800,3.9200,946
947.0000000000,1253.00000,137.27539,8.2000,3.6400,947
948.0000000000,1295.85986,135.27539,1.2635,4.8700,948
949.0000000000,1300.75000,84.27539,6.1000,1.5600,949
950.0000000000,1184.75000,130.52539,9.2000,2.8800,950
951.0000000000,1252.33301,194.10889,7.0666,2.7100,951
952.0000000000,1252.66650,175.94238,7.0666,2.7900,952
953.0000000000,1290.33350,258.60889,6.1332,1.9900,953
954.0000000000,1104.75000,-130.72461,9.3700,3.6840,954
955.0000000000,1243.75000,119.02539,5.2000,1.3300,955
956.0000000000,1112.33350,214.27539,2.0933,6.5300,956
957.0000000000,1053.49854,252.94141,7.4997,1.7500,957
958.0000000000,1050.66650,186.94141,8.5333,2.7700,958
959.0000000000,1047.33350,160.60840,7.8666,2.6500,959
960.0000000000,908.66699,238.94189,5.0666,1.3800,960
961.0000000000,870.00000,238.60840,5.2000,1.5500,961
962.0000000000,845.61133,235.94189,3.7552,8.4000,962
963.0000000000,853.33350,178.94189,8.0000,3.1200,963
964.0000000000,945.32031,-9.38672,3.6635,1.5400,964
965.0000000000,1258.00000,249.60889,1.2533,5.2600,965
966.0000000000,1217.00000,232.94238,1.6400,7.2000,966
967.0000000000,1162.66650,245.94189,1.0800,3.9200,967
968.0000000000,972.65918,-51.97070,4.5018,1.7660,968
969.0000000000,734.75000,45.02539,6.4000,1.6500,969
970.0000000000,781.50000,45.02539,6.7000,1.7500,970
971.0000000000,826.69482,45.02588,7.3781,1.9700,971
972.0000000000,786.00000,-70.22461,5.0000,1.3600,972
973.0000000000,826.87793,-68.72461,9.0789,3.5800,973
974.0000000000,791.75000,-138.47461,2.4600,9.7300,974
975.0000000000,827.75000,-130.72461,8.5000,2.7600,975
976.0000000000,831.60938,-189.20166,1.0588,3.6100,976
977.0000000000,731.50000,-189.97461,5.5000,1.6100,977
978.0000000000,834.59424,-236.19922,1.0798,3.2400,978
979.1000000000,781.25000,-248.75293,7.1805,1.9100,979
979.2000000000,729.25000,-259.72461,4.6427,1.2300,979
980.0000000000,686.00000,-197.22461,2.3400,8.7200,980
981.0000000000,731.50000,-114.47461,5.1442,1.1800,981
982.0000000000,731.50000,-103.22461,5.5639,1.6100,982
983.0000000000,680.00000,-108.47461,5.4849,1.4200,983
984.0000000000,680.25000,-85.72461,5.9600,1.9400,984
985.0000000000,670.00000,19.02539,7.2551,3.0300,985
986.0000000000,670.25000,44.27539,5.5000,1.5600,986
987.0000000000,733.00000,-68.72461,5.0000,1.4400,987
988.0000000000,901.00000,-221.72461,1.0069,2.8100,988
989.0000000000,975.00000,-202.47461,1.6631,4.8100,989
990.0000000000,824.55078,-16.93750,7.6553,2.3900,990
991.0000000000,1111.75000,130.02539,8.6000,2.0600,991
992.0000000000,1174.25000,130.52539,9.4000,3.2700,992
993.0000000000,787.50000,-23.72461,4.0000,1.0000,993
994.0000000000,965.32715,19.27930,8.7627,4.5740,994
995.0000000000,1135.66650,232.27539,8.3998,2.8800,995
996.0000000000,1175.00000,187.60889,9.7333,3.6700,996
997.0000000000,1128.00000,174.60840,4.9332,1.3300,997
998.0000000000,824.69287,24.03271,6.3117,1.9600,998
999.0000000000,786.00000,21.27539,1.0200,4.1600,999
1000.0000000000,986.44531,-23.38623,1.0843,6.8300,1000
1001.0000000000,1100.99365,-107.51318,9.2816,4.5760,1001
1002.0000000000,697.03027,-264.25244,6.3582,2.1800,1002
1003.0000000000,960.99854,68.85840,4.0533,1.4320,1003
1004.0000000000,781.00000,-204.47461,7.5827,2.2500,1004
1004.1000000000,731.50000,-213.22461,5.4055,1.4700,1004
1005.0000000000,1125.66016,-71.72070,8.2533,3.2370,1005
1006.0000000000,1180.25000,-168.72461,1.3900,4.6500,1006
1007.0000000000,1219.25000,-164.72461,1.3100,4.3700,1007
1008.0000000000,988.00000,-158.97461,9.7415,2.4400,1008
1009.0000000000,928.50000,-146.97461,2.2300,8.7500,1009
1010.0000000000,979.75000,-217.72461,4.5928,9.3000,1010
1011.0000000000,1011.75000,-211.97461,5.6711,1.1800,1011
1012.0000000000,904.75000,-169.47461,5.8000,1.8500,1012
1013.0000000000,1136.00000,255.27539,9.4667,4.5300,1013
1014.0000000000,1178.66699,257.94189,7.8666,2.9300,1014
1015.0000000000,1131.00000,192.47607,6.8802,2.4900,1015
1016.0000000000,1238.66650,259.60889,8.0000,2.7100,1016
1017.0000000000,1198.33301,175.60889,4.1333,1.0400,1017
1018.0000000000,1142.66699,165.32373,5.9806,1.0100,1018
1019.0000000000,1135.66650,223.94189,7.2000,8.8000,1019
1019.1000000000,1217.00000,225.60889,1.5333,3.3600,1019
1020.0000000000,1115.50000,85.52539,5.9000,2.1000,1020
1021.0000000000,1137.50000,114.77539,9.2000,2.7300,1021
1022.0000000000,1281.75000,160.44189,2.3467,1.1580,1022
1023.0000000000,1166.32764,-19.05371,6.6799,3.4480,1023
1024.0000000000,1072.75000,-147.47461,3.3600,1.2030,1024
1025.0000000000,825.30615,-37.68164,7.9631,2.3000,1025
1026.0000000000,787.25000,-47.97461,4.6567,1.0400,1026
1027.0000000000,824.75000,-83.97461,7.1381,1.9900,1027
1028.0000000000,731.50000,-172.97461,5.4261,1.4700,1028
1029.0000000000,937.98730,-34.71973,8.2301,3.3000,1029
1030.0000000000,829.40479,-110.96533,8.6626,2.5000,1030
1030.0000000000,886.25000,-120.72461,4.0298,9.0000,1030
1031.0000000000,1123.93848,134.02539,7.6753,2.6100,1031
1032.0000000000,1197.25000,136.27539,4.1000,1.0000,1032
1033.0000000000,1221.75000,118.27539,5.9000,1.6200,1033
1034.0000000000,984.25000,-120.72461,3.0790,5.6000,1034
1035.0000000000,881.25000,-94.34863,4.7496,1.2100,1035
1037.0000000000,735.25000,-129.22461,3.7405,7.7000,1037
1038.0000000000,936.50000,-175.22461,1.0430,3.6500,1038
1039.0000000000,812.25000,-160.22461,1.0100,2.8600,1039
1040.0000000000,1148.33301,175.27539,5.0667,1.4900,1040
1041.0000000000,1183.25000,97.27539,2.5900,7.4100,1041
1042.0000000000,1165.00000,130.52539,9.7000,3.8500,1042
1044.0000000000,1199.00000,-147.22461,5.6000,1.6000,1044
1045.0000000000,1196.50000,-170.97461,6.9000,2.2300,1045
1046.0000000000,786.50000,-229.72461,5.1345,1.3500,1046
1047.0000000000,907.25000,-159.47461,5.0000,1.5200,1047
1049.0000000000,920.00000,-88.84863,7.4097,1.9800,1049
1049.1000000000,928.00000,-120.97461,4.0351,9.2000,1049
1050.0000000000,978.25000,-88.97461,6.2399,1.5100,1050
1051.0000000000,1059.50000,-171.47461,4.6500,1.6870,1051
1052.0000000000,671.25000,-6.22461,7.3494,2.3100,1052
1054.0000000000,1055.66064,3.94629,6.6666,2.1300,1054
1055.0000000000,1186.32715,3.27930,7.2000,2.6000,1055
1056.0000000000,1142.66064,4.27930,6.6666,2.2300,1056
1057.0000000000,731.50000,-155.47461,5.5845,1.6100,1057
1058.0000000000,1043.00000,-195.22461,9.4000,2.8000,1058
1059.0000000000,1067.25000,-194.72461,9.1000,2.5300,1059
1060.0000000000,1268.75000,-169.47461,1.7400,6.6700,1060
1061.0000000000,834.25000,-160.22461,1.0700,4.5100,1061
1062.0000000000,1126.25000,-190.97461,7.8000,2.3600,1062
1063.0000000000,833.96875,-221.45850,1.0460,2.9300,1063
1064.0000000000,957.65332,-29.38672,9.1486,2.9300,1064
1065.0000000000,901.00000,-181.47461,7.7556,2.8100,1065
1068.0000000000,1221.50000,-91.09863,6.1496,1.8100,1068
1069.0000000000,1179.00000,-91.59863,5.9496,1.7300,1069
1070.0000000000,1094.75000,-90.09863,5.8496,1.7600,1070
1071.0000000000,947.87500,-92.84961,4.6280,1.0000,1071
1071.1000000000,956.50000,-121.72461,3.4902,7.0000,1071
1072.0000000000,941.57265,-94.33375,0.0000,0.0000,1072
1073.0000000000,964.00000,-162.97461,4.6328,1.1200,1073
1073.0000000000,1032.50000,-89.72461,1.9800,7.2800,1073
1074.0000000000,1137.25000,-89.72461,1.3100,4.6000,1074
1075.0000000000,1200.50000,-94.34863,9.8677,3.2900,1075
1076.0000000000,1251.50000,-89.47461,9.7000,3.4000,1076
1076.1000000000,1247.25000,-98.09863,3.4496,7.4000,1076
1077.0000000000,1095.75000,-181.22461,1.0900,3.7200,1077
1078.0000000000,1155.25000,-181.47461,1.0200,3.6100,1078
1079.0000000000,1199.50000,-181.47461,6.7000,1.9500,1079
1080.0000000000,1242.75000,-181.22461,6.7000,1.8500,1080
1081.0000000000,1094.00000,-199.97461,5.7000,1.7000,1081
1082.0000000000,1144.73438,-194.95898,5.0000,1.2000,1082
1083.0000000000,1144.50000,-156.72461,3.8000,8.8000,1083
1083.1000000000,1135.25000,-162.72461,3.3000,6.5000,1083
1084.0000000000,1058.75000,-157.72461,9.9000,2.9100,1084
1085.0000000000,822.25000,-155.50439,3.9880,8.6000,1085
1085.2000000000,825.75000,-172.47461,4.2000,9.4000,1085
1086.0000000000,847.91504,-155.50439,2.6024,4.2000,1086
1087.0000000000,974.75000,-180.47461,1.2600,3.6700,1087
1088.0000000000,1091.00000,-159.22461,6.0000,2.1600,1088
1089.0000000000,1702.07080,-71.68555,8.3743,4.2300,1089
1090.0000000000,1640.75000,-23.72461,1.1210,5.5050,1090
1091.0000000000,1872.53564,-157.28906,2.4846,8.1200,1091
1092.0000000000,1731.00000,-238.97461,8.1000,3.3300,1092
1093.0000000000,1860.95508,-158.24365,2.5207,7.9700,1093
1094.0000000000,1832.30957,-107.63770,9.1664,2.6100,1094
1095.0000000000,1762.25000,-228.97461,6.6000,1.9100,1095
1096.0000000000,1557.00000,-174.47461,3.8500,1.1190,1096
1097.0000000000,1852.36133,-89.49561,1.7950,8.3200,1097
1098.0000000000,1868.59326,-50.82520,2.0815,1.0530,1098
1099.0000000000,1814.62354,-135.97461,1.9349,7.5000,1099
1100.0000000000,1735.00000,-134.97461,8.3000,3.0400,1100
1101.0000000000,1678.50000,-135.97461,1.0700,3.8200,1101
1102.0000000000,1775.75000,-201.22461,1.7900,6.8800,1102
1103.0000000000,1749.00000,-238.97461,3.7000,8.0000,1103
1104.0000000000,1740.50000,-224.72461,5.4000,1.7000,1104
1105.0000000000,1608.50000,-135.72461,1.7400,5.6000,1105
1106.0000000000,1601.25000,-88.97461,1.7600,8.7900,1106
1107.0000000000,1967.50000,-176.47461,4.3300,1.5670,1107
1108.0000000000,1753.75000,-116.97461,2.4600,1.2670,1108
1109.0000000000,1676.25000,-113.97461,9.0000,4.5700,1109
1110.0000000000,1602.75000,-210.72461,1.5500,7.3100,1110
1111.0000000000,1724.50000,-33.22461,3.5400,6.9200,1111
1112.0000000000,1821.12354,-176.97461,1.6349,4.8900,1112
1113.0000000000,1668.50000,-211.22461,1.2400,4.3200,1113
1114.0000000000,1573.50000,-2.97461,8.9900,5.0370,1114
1115.0000000000,1750.75000,-179.97461,2.0600,2.2110,1115
1116.0000000000,1724.50000,-166.97461,4.9000,1.3600,1116
1117.0000000000,1724.00000,-200.97461,5.5000,1.8700,1117
1118.0000000000,1668.50000,-89.22461,6.2000,2.1000,1118
1119.0000000000,1724.50000,-151.97461,7.5000,2.5300,1119
1120.0000000000,1672.32811,-165.49181,5.7000,1.3500,1120
1121.0000000000,1775.00000,86.27539,3.0000,1.4000,1121
1122.0000000000,-282.36084,-177.13135,7.8533,2.7600,1122
1122.0000000000,1804.50000,110.02539,1.1500,4.1600,1122
1123.0000000000,1559.25000,57.77539,8.2700,2.8450,1123
1124.0000000000,1513.00000,-89.97461,8.1000,3.6400,1124
1125.0000000000,1727.75000,101.02539,0.0000,0.0000,1125
1126.0000000000,1592.50000,-157.72461,1.1200,5.5900,1126
1127.0000000000,1557.50000,93.77539,6.3800,2.4880,1127
1127.1000000000,1750.25000,91.77539,7.9000,2.7400,1127
1128.0000000000,1542.00000,-210.98926,5.9029,1.9900,1128
1129.0000000000,1521.62939,-106.59521,9.0964,2.6100,1129
1130.0000000000,1652.50000,15.27539,1.4200,6.1000,1130
1131.0000000000,1707.67137,-161.69135,3.5212,2.2850,1131
1132.0000000000,1501.00000,39.52539,6.0100,2.1970,1132
1132.0000000000,1712.00000,39.02539,2.2300,9.6900,1132
1133.0000000000,1595.00000,-184.22461,8.5122,3.0700,1133
1134.0000000000,1630.25000,-251.72461,7.5000,2.8300,1134
1135.0000000000,1515.00000,-163.72461,8.2413,3.2200,1135
1136.0000000000,1688.25000,-192.22461,5.9000,1.7200,1136
1137.0000000000,1693.25000,-226.72461,3.7000,8.0000,1137
1138.0000000000,1533.00000,82.02539,7.4800,1.8450,1138
1139.0000000000,1596.75000,25.52539,2.2000,8.6200,1139
1139.0000000000,1711.50000,25.27539,2.3200,8.6400,1139
1140.0000000000,1816.00000,107.27539,2.8000,1.3000,1140
1141.0000000000,1775.00000,-116.97461,6.3000,1.8800,1141
1142.0000000000,1739.75000,-115.72461,5.7000,1.5700,1142
1143.0000000000,1360.00000,-38.22461,1.0000,4.2900,1143
1144.0000000000,1816.00000,212.52539,1.6700,7.3500,1144
1145.0000000000,1775.00000,200.52539,1.8500,8.2500,1145
1146.0000000000,1513.00000,148.02539,1.9500,7.9600,1146
1147.0000000000,1467.25000,146.52539,1.8800,7.2600,1147
1149.0000000000,1685.00000,-149.72461,3.8000,7.8000,1149
1150.0000000000,1688.25000,-166.97461,4.8000,1.3700,1150
1151.0000000000,1682.75000,-233.97461,8.0000,2.8900,1151
1152.0000000000,1723.00000,-115.72461,4.8000,1.1900,1152
1153.0000000000,1843.75000,194.52539,1.1400,5.2300,1153
1154.0000000000,1860.00000,119.27539,2.9400,1.1120,1154
1155.0000000000,1410.50000,114.02539,2.1300,8.3300,1155
1156.0000000000,1841.25000,138.02539,1.7800,6.1100,1156
1157.0000000000,1838.50000,53.77539,8.6000,2.8000,1157
1158.0000000000,1647.00000,150.27539,5.0600,1.7220,1158
1158.1000000000,1793.75000,147.27539,7.3000,2.4700,1158
1159.0000000000,1911.50000,107.52539,2.0497,7.1100,1159
1160.0000000000,1848.25000,152.27539,1.5900,4.7400,1160
1160.1000000000,1840.00000,77.52539,1.2500,6.2900,1160
1161.0000000000,1473.00000,72.27539,9.8000,2.9400,1161
1161.1000000000,1417.50000,74.02539,4.7000,1.1000,1161
1162.0000000000,1404.25000,151.52539,1.8600,7.1800,1162
1163.0000000000,1644.75000,184.02539,5.1800,2.1290,1163
1164.0000000000,1749.87500,102.52539,7.6254,2.0500,1164
1165.0000000000,1615.50000,110.02539,4.1141,1.8620,1165
1165.1000000000,1491.00000,112.02539,6.3000,1.9500,1165
1166.0000000000,1405.00000,25.27539,2.2000,9.0900,1166
1167.0000000000,1490.75000,151.02539,7.0000,2.2500,1167
1168.0000000000,1914.25000,195.02539,2.0000,9.3900,1168
1169.0000000000,1914.75000,78.27539,2.2067,8.8800,1169
1171.0000000000,1655.25000,162.02539,2.5600,1.0150,1171
1172.0000000000,1662.00000,135.52539,1.3900,5.1800,1172
1173.0000000000,1762.12500,120.27539,6.2002,1.8400,1173
1174.0000000000,1744.50000,237.27539,9.8000,3.6000,1174
1175.0000000000,1735.50000,122.02539,5.9000,1.7200,1175
1176.0000000000,1668.50000,216.02539,1.0700,4.3500,1176
1177.0000000000,1544.00000,162.77539,8.8000,3.4000,1177
1178.0000000000,1451.50000,157.02539,1.3700,5.8500,1178
1179.0000000000,1878.25000,92.68945,7.1197,1.2800,1179
1180.0000000000,1873.57422,53.04297,6.8774,1.4300,1180
1181.0000000000,1698.00000,120.77539,7.2000,1.8000,1181
1182.0000000000,1491.25000,132.27539,8.5000,4.4600,1182
1183.0000000000,1625.00000,226.65039,6.7500,2.3400,1183
1184.0000000000,-566.75000,-44.97461,1.3150,4.7400,1184
1185.0000000000,-711.75000,-9.97461,6.2000,3.7180,1185
1186.0000000000,-902.25000,-57.97461,1.8400,9.0200,1186
1186.0000000000,-714.35750,-56.42280,0.0000,0.0000,1186
1187.0000000000,-698.00000,62.77539,6.1800,3.1290,1187
1188.0000000000,-750.00000,39.52539,1.2100,6.5100,1188
1190.0000000000,-1106.33301,31.96143,1.4133,5.3700,1190
1191.0000000000,-1082.33325,90.29736,2.0531,1.0570,1191
1192.0000000000,-573.25000,106.27539,2.8500,7.5300,1192
1193.0000000000,-651.00000,-279.42383,5.4919,1.3470,1193
1194.0000000000,-581.50000,-245.71289,4.1604,1.2120,1194
1195.0000000000,-643.03928,-117.27691,0.0000,0.0000,1195
1196.0000000000,-1114.99976,15.96143,9.8666,3.5200,1196
1197.0000000000,-623.50000,168.02539,1.5300,6.3600,1197
1198.0000000000,-613.50000,-180.47461,9.1000,3.6700,1198
1198.1000000000,-647.50000,-180.47461,7.9000,3.0400,1198
1198.1000000000,-576.25000,-180.47461,8.4000,3.3000,1198
1199.0000000000,-681.79468,-242.17334,1.2697,5.2300,1199
1200.0000000000,-745.33325,-263.37842,2.3599,1.2080,1200
1201.0000000000,-762.99976,-220.71191,2.7466,1.2730,1201
1202.0000000000,-1124.50000,111.12988,1.1973,5.4900,1202
1203.0000000000,-712.50000,9.52539,6.2100,4.0090,1203
1203.1000000000,-642.50000,20.77539,4.2000,1.0800,1203
1204.0000000000,-751.77986,-78.01349,9.9000,4.3740,1204
1204.1000000000,-994.43670,-78.01349,0.0000,0.0000,1204
1204.2000000000,-593.25000,-87.22461,3.7000,8.5000,1204
1205.0000000000,-711.75000,-137.97461,6.1966,3.9530,1205
1205.1000000000,-544.75000,-137.47461,8.2000,3.8400,1205
1206.0000000000,-660.00000,43.02539,3.1300,1.5330,1206
1207.0000000000,-848.24976,-173.56836,0.0000,0.0000,1207
1208.0000000000,-752.75000,-180.47461,3.7000,1.8320,1208
1209.0000000000,-842.25000,-207.22461,5.5000,1.6600,1209
1209.1000000000,-827.33301,-209.21826,4.9645,1.5300,1209
1210.0000000000,-849.00000,-346.30811,5.4816,2.6400,1210
1211.0000000000,-743.33325,-242.71191,6.2666,2.0500,1211
1212.0000000000,-663.50000,-225.72461,6.8000,2.8000,1212
1213.0000000000,-858.12500,44.40039,8.8000,3.9800,1213
1213.1000000000,-847.25000,55.27539,3.7000,8.5000,1213
1214.0000000000,-764.33325,-242.04541,5.8666,1.7900,1214
1215.0000000000,-661.50000,125.27539,3.4800,1.4850,1215
1216.0000000000,-594.50000,190.77539,7.8000,2.7000,1216
1217.0000000000,-813.50000,-98.22461,1.0400,3.8700,1217
1218.0000000000,-757.50000,-110.22461,1.0400,4.2000,1218
1219.0000000000,-715.00000,-110.22461,1.0400,4.2000,1219
1220.0000000000,-806.00000,-159.22461,6.6000,2.4200,1220
1221.0000000000,-732.00000,-157.97461,2.7500,1.5620,1221
1221.1000000000,-649.50000,-159.72461,8.2000,2.8800,1221
1222.0000000000,-765.50000,88.02539,1.6100,9.5700,1222
1223.0000000000,-805.50000,-200.72461,5.2000,1.6000,1223
1224.0000000000,-996.50000,-207.22461,5.8800,2.5650,1224
1225.0000000000,-871.33301,-472.37891,8.0000,3.3600,1225
1226.0000000000,-732.00000,-201.47461,2.7700,1.6870,1226
1227.0000000000,-618.00000,-226.47461,1.4700,7.6200,1227
1228.0000000000,-779.00000,-96.47461,5.9000,2.0300,1228
1229.0000000000,-649.25024,85.77539,3.7065,2.0490,1229
1230.0000000000,-881.33325,-339.05176,5.3030,2.6730,1230
1232.0000000000,-578.00000,194.77539,9.0000,2.9900,1232
1233.0000000000,-756.00000,-448.05762,3.6133,1.7060,1233
1234.0000000000,-830.99976,-427.04541,6.5333,2.6500,1234
1235.0000000000,-731.50000,-103.97461,9.3000,3.3700,1235
1236.0000000000,-906.33325,-360.05615,6.1599,3.3620,1236
1237.0000000000,-937.25000,-152.22461,2.1900,1.0390,1237
1237.1000000000,-935.33325,-365.71777,6.2133,3.9640,1237
1238.0000000000,-609.25000,-98.97461,3.6200,1.3010,1238
1238.1000000000,-564.25000,-91.47461,2.8000,4.8000,1238
1239.0000000000,-580.75000,-314.97461,2.9200,1.4220,1239
1240.0000000000,-726.66650,-356.71191,3.5333,2.1770,1240
1241.0000000000,-1002.66650,-24.70508,8.6666,3.0000,1241
1242.0000000000,-598.25000,-278.47461,1.3000,5.7200,1242
1243.0000000000,-645.75000,141.27539,1.9100,9.2900,1243
1244.0000000000,-906.25000,15.77539,2.0850,1.2440,1244
1245.0000000000,-567.00000,-204.97461,9.7000,3.8500,1245
1246.0000000000,-878.62500,-181.22461,1.2250,5.1200,1246
1247.0000000000,-666.00000,-243.22461,4.8000,1.3500,1247
1248.0000000000,-901.50000,-107.97461,1.4600,7.3200,1248
1249.0000000000,-809.00000,-239.04541,7.3333,2.7700,1249
1250.0000000000,-598.75000,-363.72461,1.3300,6.3200,1250
1252.0000000000,-616.25000,154.27539,1.5100,6.5500,1252
1253.0000000000,-523.33325,-360.05518,1.1333,4.4100,1253
1254.0000000000,-801.33350,-473.31934,1.8028,8.1100,1254
1255.0000000000,-889.33325,-501.72607,1.0135,3.8500,1255
1255.1000000000,-888.00000,-541.38770,5.4667,1.8400,1255
1256.0000000000,-872.00000,-140.47461,8.3060,3.5500,1256
1257.0000000000,-783.66650,-243.37842,5.6000,1.6700,1257
1258.0000000000,-807.99976,-524.72070,1.0786,6.2230,1258
1259.0000000000,-538.33325,-430.72461,4.5066,2.4250,1259
1260.0000000000,-539.50000,-185.22461,1.7200,7.6000,1260
1261.0000000000,-538.75000,-115.97461,7.0000,2.9700,1261
1263.0000000000,-659.25000,-107.72461,8.5000,3.2500,1263
1264.0000000000,-915.50000,-9.97461,2.2300,1.2370,1264
1266.0000000000,-937.25000,-91.97461,5.0000,1.5200,1266
1267.0000000000,-867.37500,-91.84961,8.8000,3.8800,1267
1268.0000000000,-906.25000,-131.22461,1.3300,6.7200,1268
1269.0000000000,-881.00000,-170.47461,9.5000,3.0000,1269
1270.0000000000,-952.50000,-172.97461,1.2900,5.8800,1270
1271.0000000000,-909.00000,-182.72461,8.5000,3.1300,1271
1272.0000000000,-877.56250,-192.28711,4.2500,1.1000,1272
1273.0000000000,-815.00000,-283.37842,5.0666,1.5800,1273
1274.0000000000,-685.33350,-430.39160,1.3600,6.7200,1274
1275.0000000000,-623.00000,-360.22461,1.4400,6.2000,1275
1276.0000000000,-953.99976,-433.04688,1.4133,6.3900,1276
1277.0000000000,-600.00000,-202.22461,6.6000,2.5200,1277
1278.0000000000,-623.75000,-202.22461,9.5000,3.6100,1278
1279.0000000000,-542.25000,-57.22461,8.3000,3.1500,1279
1280.0000000000,-641.25000,-262.72461,1.1500,4.5600,1280
1281.0000000000,-820.66650,-341.04541,5.0666,1.5900,1281
1282.0000000000,-832.66650,-322.04541,4.0866,2.2470,1282
1283.0000000000,-653.25000,-172.47461,9.2000,1.5700,1283
1284.0000000000,-670.33325,-473.05811,3.6400,1.8270,1284
1284.0000000000,-564.75000,87.27539,4.1000,1.0300,1284
1285.0000000000,-561.78868,-117.64962,0.0000,0.0000,1285
1286.0000000000,-540.50000,-77.97461,8.7000,3.2300,1286
1287.0000000000,-786.37711,-115.72461,6.7800,3.5020,1287
1287.0000000000,-720.25000,108.02539,9.9707,6.2100,1287
1288.0000000000,-855.75000,-161.22461,1.9400,7.1500,1288
1289.0000000000,-909.00000,-90.97461,1.1700,4.9400,1289
1290.0000000000,-840.25000,-94.47461,7.5324,2.7500,1290
1291.0000000000,-537.00000,-32.97461,1.3900,9.5700,1291
1292.0000000000,-556.25000,15.77539,5.7000,2.0100,1292
1293.0000000000,-835.25000,39.52539,1.1399,4.8800,1193
1295.0000000000,-573.25000,109.52539,8.4000,3.6800,1295
1296.0000000000,-578.50000,141.27539,7.0000,2.6400,1296
1298.0000000000,-792.00000,44.02539,7.9000,3.3700,1298
1299.0000000000,-843.50000,-52.32241,5.5900,3.1780,1299
1300.0000000000,-963.25000,-39.22461,1.1700,5.7500,1300
1301.0000000000,-1035.99976,-53.04102,1.9466,1.7600,1301
1303.0000000000,-610.75000,-158.22461,1.0500,4.8600,1303
1304.0000000000,-597.50000,-237.47461,1.7883,9.6200,1304
1305.0000000000,-375.43872,-408.37158,4.7023,1.9750,1305
1306.0000000000,-520.16675,-558.22510,7.4481,3.0600,1306
1307.0000000000,-574.00000,-496.05762,8.4000,4.1600,1307
1308.0000000000,-621.00000,-440.97461,9.5000,5.1800,1308
1309.0000000000,-786.56714,-502.28857,1.1733,6.1000,1309
1310.0000000000,-863.00000,-451.71191,9.4667,5.2800,1310
1311.0000000000,-445.97388,-437.70068,1.8518,6.2000,1311
1311.1000000000,-485.73706,-506.71631,4.9737,7.6000,1311
1312.0000000000,-1090.77588,-108.27881,1.6983,6.6700,1312
1313.0000000000,-1026.33325,-89.39746,1.3771,5.0800,1313
1314.0000000000,-1181.99976,-207.04980,1.7336,7.2300,1314
1315.0000000000,-1111.33325,-527.38721,1.5600,8.2700,1315
1316.0000000000,-1049.33301,-478.72070,1.8266,1.0800,1316
1316.1000000000,-1064.33301,-496.05420,4.5333,1.2600,1316
1317.0000000000,-1035.33325,-548.05371,7.0666,2.9300,1317
1318.0000000000,-962.66650,-506.38574,1.2266,5.4600,1318
1319.0000000000,-977.66650,-548.72070,6.1333,2.1900,1319
1319.1000000000,-978.66650,-583.05420,1.0933,5.5100,1319
1320.0000000000,-931.33325,-601.72070,3.1466,1.5440,1320
1321.0000000000,-502.59131,-525.97852,7.4158,2.9400,1321
1322.0000000000,-599.25000,-436.22461,8.3000,3.2500,1322
1324.0000000000,-371.07544,-463.87842,4.9059,2.3930,1324
1325.0000000000,-281.14917,-360.62109,1.8130,7.1400,1325
1325.1000000000,-281.63403,-435.76123,1.1149,4.4600,1325
1326.0000000000,-391.92114,-438.18555,3.2965,6.6000,1326
1327.0000000000,-309.26636,-426.06641,5.9143,1.8100,1327
1328.0000000000,-368.40942,-435.76123,1.0762,3.5700,1328
1329.0000000000,-994.99976,-350.38086,2.1466,1.1440,1329
1329.1000000000,-1206.66650,-353.04736,3.7066,1.8630,1329
1330.0000000000,-492.99731,-414.67383,1.5028,5.7300,1330
1330.0000000000,-403.77930,-592.02783,2.0069,1.1000,1330
1331.0000000000,-1078.33325,-148.37451,3.2257,1.6500,1331
1333.0000000000,-993.99976,-286.71191,2.1466,9.7300,1333
1335.0000000000,-968.75000,-190.22461,6.7000,2.1200,1335
1336.0000000000,-969.50000,-225.97461,6.3000,1.8800,1336
1337.0000000000,-912.66650,-515.39258,6.8019,2.8000,1337
1338.0000000000,-500.42456,-490.10254,4.8275,9.2000,1338
1339.0000000000,-946.33325,-645.38770,8.2666,3.8200,1339
1341.0000000000,-310.23608,-348.01611,6.6899,2.1500,1341
1342.0000000000,-281.25000,-547.22461,3.2857,2.1370,1342
1344.0000000000,-466.09204,-379.28516,9.5987,3.4200,1344
1345.0000000000,-1152.33325,-543.72070,1.9866,1.0740,1345
1345.0000000000,-483.30176,-423.39990,4.2662,9.8000,1345
1346.0000000000,-355.32031,-378.80029,2.2881,1.0150,1346
1347.0000000000,-443.30005,-388.49609,1.3866,5.7800,1347
1348.0000000000,-538.66675,-620.72461,3.2400,1.6140,1348
1349.0000000000,-1035.33325,-582.38721,8.8000,4.0800,1349
1350.0000000000,-1101.66650,-86.04150,7.2000,2.3600,1350
1351.0000000000,-1073.53125,-122.71582,5.9905,1.8700,1351
1352.0000000000,-429.00659,-378.80029,7.9504,2.9100,1352
1353.0000000000,-945.66650,-605.72070,4.1332,9.3000,1353
1354.0000000000,-943.33301,-622.05420,4.6666,1.1700,1354
1356.0000000000,-496.87549,-220.03467,7.0486,2.9990,1356
1357.0000000000,-482.79150,32.77539,2.7183,1.1420,1357
1358.0000000000,-399.91968,-149.98389,2.8698,1.0520,1358
1359.0000000000,-426.82544,-178.82813,2.0748,8.7000,1359
1360.0000000000,-432.64233,-57.63379,1.6870,8.1600,1360
1360.1000000000,-505.84399,-57.09961,5.4350,1.7300,1360
1362.0000000000,-449.60986,-254.69629,2.5499,1.3980,1362
1363.0000000000,-393.37524,-306.32520,1.5319,6.2000,1363
1364.0000000000,-494.99976,159.60840,4.5487,2.1730,1364
1364.1000000000,-512.33325,62.94141,4.9333,1.5100,1364
1365.0000000000,-423.67432,-203.06738,1.0374,4.8100,1365
1366.0000000000,-398.22339,-259.78613,1.4543,5.8400,1366
1367.0000000000,-541.87500,137.40039,3.9400,1.6470,1367
1368.0000000000,-452.99976,54.60840,1.1979,4.4300,1368
1369.0000000000,-476.88818,13.02539,2.9744,1.4510,1369
1370.0000000000,-481.66650,-9.97461,3.3033,1.9080,1370
1371.0000000000,-476.75732,-112.17139,1.8324,6.8700,1371
1372.0000000000,-448.64038,-165.25439,1.6676,5.5300,1372
1373.0000000000,-469.72827,-261.96777,6.0112,1.9700,1373
1374.0000000000,-472.87891,-308.02197,7.0777,2.3200,1374
1375.0000000000,-364.65625,-335.65430,1.1755,4.6100,1375
1376.0000000000,-483.05957,-221.00391,1.9584,5.7700,1376
1377.0000000000,-463.18359,-220.76172,4.7509,1.3100,1377
1378.0000000000,-434.58179,-258.08984,1.9681,8.2100,1378
1379.0000000000,-399.67773,-220.03418,1.4737,5.3900,1379
1380.0000000000,-398.95044,-163.55762,4.4598,1.1200,1380
1381.0000000000,-398.22314,-128.16895,7.6595,2.4700,1381
1382.0000000000,-437.00513,-123.32080,1.1537,4.2700,1382
1383.0000000000,-430.21826,-76.54004,1.5900,6.4700,1383
1383.0000000000,-395.55688,-93.99219,9.5016,3.4400,1383
1384.0000000000,-396.52637,-366.19531,3.8058,1.6640,1384
1385.0000000000,-383.43774,-286.44922,1.0956,3.0500,1385
1386.0000000000,-445.33301,74.27490,9.3333,2.6600,1386
1387.0000000000,-298.35889,-364.25635,4.5570,1.1600,1387
1388.0000000000,-342.83667,-536.34961,2.3230,7.2500,1388
1388.1000000000,-254.00000,-537.05762,7.5816,1.8900,1388
1389.0000000000,-304.41846,-149.98389,1.2604,4.2800,1389
1390.0000000000,-338.11035,-77.02490,2.3269,8.9000,1390
1391.0000000000,-373.33301,72.94141,2.0742,7.3500,1391
1392.0000000000,-361.37964,-181.97949,1.0568,2.9300,1392
1393.0000000000,-314.35645,-201.61279,1.7452,5.8100,1393
1394.0000000000,-310.40088,-275.70605,2.3269,7.7700,1394
1395.0000000000,-319.20435,-124.04785,1.9197,6.4500,1395
1396.0000000000,-346.33301,-11.72510,2.3066,9.8900,1396
1397.0000000000,-365.79956,32.27441,2.2301,8.2800,1397
1398.0000000000,-447.25000,255.77539,1.1300,4.6500,1398
1399.0000000000,-419.06836,-137.13721,6.5931,1.8600,1399
1400.0000000000,-437.24780,-103.92969,1.8690,8.3900,1400
1401.0000000000,-470.69775,-200.40088,5.0416,1.2500,1401
1402.0000000000,-476.99951,-288.14600,5.2357,1.4200,1402
1404.0000000000,-438.70215,-332.50342,1.2701,4.3200,1404
1406.0000000000,-418.58423,-224.15527,6.1081,1.7600,1406
1409.0000000000,-357.01709,-223.18555,1.5416,4.7700,1409
1410.0000000000,-341.74634,-305.47217,8.6756,2.6900,1410
1411.0000000000,-442.00000,183.02539,2.6009,9.1800,1411
1411.1000000000,-443.75000,101.52539,9.6000,3.0300,1411
1412.0000000000,-481.12036,-333.95752,1.0665,3.8100,1412
1413.0000000000,-463.06226,-349.83447,6.6901,1.8500,1413
1414.0000000000,-382.46802,-203.30957,5.6233,1.5700,1414
1415.0000000000,-457.60864,-327.89795,1.1828,8.0600,1415
1416.0000000000,-405.25244,-337.59375,1.1828,3.3700,1416
1418.0000000000,-389.49707,-352.86426,4.2662,9.4000,1418
1419.0000000000,-349.26074,-294.44824,1.2895,5.3100,1419
1420.0000000000,-328.17310,-258.33203,1.0762,3.9300,1420
1421.0000000000,-299.08594,-225.53174,3.3277,6.8000,1421
1423.0000000000,-317.99219,-167.43555,1.0277,3.0200,1423
1424.0000000000,-348.04834,-182.22168,3.9751,9.7000,1424
1425.0000000000,-346.62134,-138.34912,9.8786,3.1000,1425
1426.0000000000,-370.34814,-95.68896,1.1052,6.0700,1426
1427.0000000000,-314.09766,-102.21680,1.3476,5.3400,1427
1428.0000000000,-338.35278,-58.46680,2.3614,1.0290,1428
1429.0000000000,-319.20410,-89.38672,4.5568,1.0300,1429
1430.0000000000,-457.36987,129.39551,1.9879,6.5700,1430
1431.0000000000,-387.25000,118.02539,2.2400,1.0650,1431
1432.0000000000,-553.37500,140.27539,4.6500,1.2800,1432
1433.0000000000,-458.90088,232.87451,5.8000,1.7000,1433
1434.0000000000,-466.50000,200.77539,9.5503,2.9400,1434
1435.0000000000,-390.46655,-320.38428,6.2051,1.8700,1435
1436.0000000000,-480.66650,162.94189,4.6880,2.0280,1436
1436.0000000000,-471.18530,151.27393,3.6559,8.2000,1436
1437.0000000000,-469.25000,172.02539,3.0000,5.5000,1437
1438.0000000000,-398.95044,-434.55029,0.0000,0.0000,1438
1439.0000000000,-417.37183,-398.67627,3.6842,8.2000,1439
1440.0000000000,-471.86743,95.95410,4.8455,1.4600,1440
1441.0000000000,-342.95825,-89.38672,4.7508,1.1900,1441
1442.0000000000,-309.99316,-92.78027,2.6177,3.9000,1442
1443.0000000000,-345.13989,-324.98926,7.2775,2.4400,1443
1444.0000000000,-354.83545,-331.53418,6.8837,1.6600,1444
1445.0000000000,-325.99146,-324.98926,5.1387,1.0800,1445
1446.0000000000,-374.71167,-328.38330,3.0164,5.2000,1446
1447.0000000000,-393.86011,-332.98828,4.6538,1.0600,1447
1448.0000000000,-342.89258,-545.23291,2.3219,7.5100,1448
1449.0000000000,-430.58984,-535.60938,1.2324,4.0400,1449
1449.1000000000,-467.43799,-535.85010,7.4170,1.2800,1449
1450.0000000000,-368.40942,-395.04053,5.1385,1.3900,1450
1451.0000000000,-349.26074,-393.82861,5.7203,1.6700,1451
1452.0000000000,-329.14233,-393.82861,5.8172,1.7700,1452
1453.0000000000,-338.35303,-356.01514,8.7259,3.0400,1453
1454.0000000000,-297.14673,-428.73242,7.9504,2.4800,1454
1455.0000000000,-442.09546,-423.88477,9.5015,2.3500,1455
1456.0000000000,-492.99731,-455.15283,7.2715,2.4100,1456
1458.0000000000,-341.50391,-426.79346,6.3021,1.8400,1458
1459.0000000000,-325.26392,-345.35010,4.2661,1.0900,1459
1460.0000000000,-354.08765,-348.74365,3.5762,7.0000,1460
1461.0000000000,-308.53931,-386.07178,9.4047,3.9900,1461
1462.0000000000,-305.22876,-422.51367,9.4045,3.5700,1462
1463.0000000000,-336.17163,-440.12500,1.1634,3.7000,1463
1464.0000000000,-462.57764,-420.12744,6.5929,1.6300,1464
1465.0000000000,-456.63892,-398.19141,8.5321,1.8300,1465
1467.0000000000,-339.32275,-344.86523,3.1025,5.1000,1467
1468.0000000000,-264.90869,-482.54346,5.5265,1.5900,1468
1469.0000000000,-305.14526,-476.72607,6.4959,2.0700,1469
1470.0000000000,-334.23193,-476.72607,4.7507,1.3100,1470
1471.0000000000,-370.34790,-476.96826,8.0473,2.6300,1471
1472.0000000000,-410.46802,-477.82129,4.7508,1.4000,1472
1473.0000000000,-251.50000,-512.89111,1.0274,3.6300,1473
1474.0000000000,-254.16675,-546.39160,7.5333,1.8900,1474
1475.0000000000,-333.59839,-523.15381,1.1014,4.2500,1475
1476.0000000000,-372.51172,-523.52490,8.4248,3.8100,1476
1477.0000000000,-396.79603,-509.79004,2.1354,9.9700,1477
1478.0000000000,-493.76660,-535.83398,5.3172,1.5000,1478
1479.0000000000,-489.60352,-477.45313,7.4656,2.5800,1479
1482.0000000000,-498.73901,-566.66992,1.1124,3.7800,1482
1482.1000000000,-498.73901,-601.34229,4.6229,1.2200,1482
1482.2000000000,-499.22046,-633.36572,8.9569,2.7100,1482
1483.0000000000,-484.16235,-644.31641,5.0111,1.2600,1483
1484.0000000000,-267.33325,-565.80713,5.8169,1.5800,1484
1485.0000000000,-248.37500,-572.34961,8.9499,2.9500,1485
1486.0000000000,-445.21338,-544.82080,1.7251,4.3700,1486
1487.0000000000,-473.21216,-557.62744,3.3205,6.2000,1487
1488.0000000000,-508.37012,-513.45801,4.3339,1.0700,1488
1489.0000000000,-448.63989,-477.45313,9.3077,3.4300,1489
1490.0000000000,-474.66113,-520.92236,3.8525,8.6000,1490
1491.0000000000,-379.40503,-507.95898,5.5600,1.8000,1491
1492.0000000000,-262.79639,-237.55664,3.9233,1.6600,1492
1493.0000000000,-366.25000,257.27539,2.4500,8.0800,1493
1494.0000000000,-292.33325,71.27490,1.3492,4.7600,1494
1495.0000000000,-347.05859,189.27539,3.6154,1.8110,1495
1496.0000000000,-358.50000,315.27539,1.3455,4.3500,1496
1497.0000000000,-132.07886,-59.33008,6.0791,2.5760,1497
1498.0000000000,-411.38135,150.77539,1.0847,2.9900,1498
1499.0000000000,-409.25000,231.02539,1.0000,3.5200,1499
1499.1000000000,-407.50000,202.02539,3.9000,8.7000,1499
1500.0000000000,-408.25000,284.77539,1.0900,3.1200,1500
1501.0000000000,-320.50000,153.60840,3.2600,1.2400,1501
1502.0000000000,-285.50000,175.27539,4.6000,1.2000,1502
1503.0000000000,-345.50000,213.52539,2.3500,7.2100,1503
1504.0000000000,-425.25000,227.52539,5.4000,1.7300,1504
1505.0000000000,-429.25000,156.27539,3.3000,5.0000,1505
1507.0000000000,-235.82153,-148.04443,1.0568,3.4900,1507
1508.0000000000,7.78003,-198.46191,4.6538,1.5330,1508
1509.0000000000,-420.25000,147.02539,9.6000,2.3300,1509
1510.0000000000,-383.16650,52.85840,1.9494,8.0200,1510
1513.0000000000,-241.88135,-208.39990,8.6291,3.3500,1513
1515.0000000000,-384.25000,286.52539,1.0400,3.3300,1515
1516.0000000000,-296.00000,331.77539,1.7600,7.1100,1516
1517.0000000000,-341.50000,286.52539,1.0100,2.6700,1517
1517.0000000000,-180.07202,-227.79102,1.7064,5.6700,1517
1518.0000000000,-385.50000,235.52539,7.7000,2.4400,1518
1519.0000000000,-324.50000,228.27539,8.0000,2.5600,1519
1520.0000000000,-298.75000,171.27539,7.1000,2.8700,1520
1521.0000000000,-380.50000,134.27539,5.8000,1.5400,1521
1521.0000000000,-340.75000,112.52539,1.5200,5.7300,1521
1522.0000000000,-394.75000,134.27539,6.1000,1.8700,1522
1523.0000000000,-394.76563,95.10352,8.5542,2.6500,1523
1524.0000000000,-426.00000,272.77539,4.8000,1.2800,1524
1525.0000000000,-431.75000,162.52539,4.0000,9.7000,1525
1526.0000000000,-430.25000,214.02539,3.8000,8.6000,1526
1527.0000000000,-425.75000,245.52539,4.8000,1.2300,1527
1528.0000000000,-432.00000,133.27539,4.0000,1.0000,1528
1529.0000000000,-284.11548,124.77344,1.0191,4.9300,1529
1530.0000000000,-428.66650,95.19189,8.3667,2.3400,1530
1531.0000000000,-432.25000,193.77539,2.9000,5.1000,1531
1533.0000000000,-379.75000,96.77539,8.3000,3.0400,1533
1533.0000000000,-371.25000,336.77539,6.7000,2.1200,1533
1534.0000000000,-403.87500,137.52539,5.1500,1.0700,1534
1535.0000000000,-431.25000,181.46338,3.1626,6.2000,1535
1535.0000000000,-283.25000,267.27539,1.1100,3.8000,1535
1536.0000000000,-432.75000,202.27539,2.7000,4.5000,1536
1537.0000000000,-397.75000,233.27539,7.9000,2.1400,1537
1538.0000000000,-396.50000,273.27539,3.8000,8.8000,1538
1539.0000000000,-354.25000,286.27539,1.0700,4.1800,1539
1540.0000000000,-313.00000,201.52539,2.3000,3.2000,1540
1541.0000000000,-312.00000,177.52539,2.5000,3.8000,1541
1542.0000000000,-363.00000,202.02539,1.6500,4.2300,1542
1543.0000000000,-282.25000,226.02539,1.0000,3.1800,1543
1544.0000000000,-274.25000,171.27539,5.9000,1.4900,1544
1545.0000000000,-330.50000,349.02539,4.7000,1.2400,1545
1546.0000000000,-122.38354,-160.89111,3.7037,1.4580,1546
1547.0000000000,-50.87866,-241.12256,3.0831,1.1350,1547
1548.0000000000,-82.38892,-238.40723,3.1103,1.2800,1548
1549.0000000000,-229.27710,-175.43506,1.0956,3.6400,1549
1550.0000000000,-228.79224,-275.05713,2.3463,8.4900,1550
1551.0000000000,-67.60327,-180.52539,5.7202,1.6100,1551
1552.0000000000,-134.01807,-198.21924,1.4931,5.4700,1552
1553.0000000000,-182.98071,-211.06641,1.4834,5.7100,1553
1554.0000000000,-305.75000,323.77539,2.7000,4.5000,1554
1556.0000000000,-431.75000,171.02539,2.4000,3.3000,1556
1557.0000000000,-432.00000,146.02539,3.5000,7.5000,1557
1559.0000000000,-414.99976,64.60840,3.6683,7.1000,1559
1560.0000000000,-342.50000,62.52539,4.1000,9.1000,1560
1561.0000000000,-312.00000,162.44189,3.3333,6.7000,1561
1562.0000000000,-453.25000,209.27539,9.7000,3.7000,1562
1563.0000000000,-456.59204,268.19189,9.7687,5.0400,1563
1564.0000000000,-467.75000,304.04248,8.4000,2.5800,1564
1564.1000000000,-477.00000,298.01392,6.8000,1.6800,1564
1565.0000000000,-289.25000,357.77539,1.4500,5.7100,1565
1566.0000000000,-264.75000,296.27539,0.0000,0.0000,1566
1568.0000000000,-276.33325,89.47314,7.5459,1.6500,1568
1569.0000000000,-320.99976,113.94141,1.4933,4.9300,1569
1570.0000000000,-405.50000,95.77539,7.6000,2.6100,1570
1572.0000000000,-372.75000,287.02539,1.0600,3.4100,1572
1572.0000000000,-267.55884,-98.83984,8.8165,3.2100,1572
1575.0000000000,-330.31909,284.51367,2.9532,5.3000,1575
1575.1000000000,-310.50000,284.02539,4.7000,1.2000,1575
1576.0000000000,-266.60571,-79.44873,5.9141,1.8100,1576
1577.0000000000,-266.60571,-120.16992,6.1081,1.9000,1577
1578.0000000000,-230.48901,-97.87012,8.1442,2.4300,1578
1579.0000000000,-165.04395,-99.08203,1.6385,5.7500,1579
1580.0000000000,-246.72900,-165.49707,4.8476,1.2700,1580
1581.0000000000,-246.72900,-177.37402,4.7507,1.1900,1581
1582.0000000000,-245.51709,-227.30615,5.6234,1.6300,1582
1584.0000000000,-360.00000,112.52539,1.5676,6.8500,1584
1585.0000000000,-282.90063,137.52490,8.7239,2.7000,1585
1586.0000000000,-280.01172,101.80664,5.2492,1.3000,1586
1587.0000000000,-349.50000,95.77539,3.2000,5.5000,1587
1588.0000000000,-330.00000,128.52539,2.9000,5.1000,1588
1590.0000000000,-290.75000,284.02539,6.2000,1.7600,1590
1591.0000000000,-346.00000,293.63721,4.1256,5.2000,1591
1592.0000000000,-363.00000,284.27539,2.8000,4.8000,1592
1593.0000000000,-466.52441,222.50098,3.5000,7.1000,1593
1594.0000000000,-246.72900,-271.90576,5.1386,1.4300,1594
1595.0000000000,-248.66821,-295.66016,5.3325,1.4100,1595
1596.0000000000,-214.49121,-277.72314,2.0360,8.5200,1596
1598.0000000000,-111.96094,-211.06592,6.0113,1.7200,1598
1599.0000000000,-110.50659,-187.55420,7.2717,2.5800,1599
1600.0000000000,-158.98413,-186.82715,7.9502,2.7000,1600
1601.0000000000,-189.52515,-187.31152,7.9502,2.7000,1601
1602.0000000000,-206.25024,-187.31152,8.0471,2.8500,1602
1603.0000000000,-182.73853,-131.56201,1.1052,4.0600,1603
1604.0000000000,-140.07788,-130.83496,1.0762,3.9300,1604
1605.0000000000,-140.07788,-81.87207,6.1083,2.0200,1605
1606.0000000000,-28.57837,-133.01709,1.7645,6.9300,1606
1607.0000000000,-101.30200,-227.79688,4.9446,1.5200,1607
1608.0000000000,-60.08936,-259.54443,2.9087,5.2000,1608
1609.0000000000,-149.04639,-307.77979,2.5208,9.7000,1609
1610.0000000000,-51.12109,-148.28662,4.2660,1.0700,1610
1611.0000000000,-92.08496,-147.80225,1.6191,5.3500,1611
1612.0000000000,-162.62012,-147.31738,6.7869,1.9300,1612
1613.0000000000,-199.70557,-147.56006,4.8476,1.3500,1613
1614.0000000000,-223.45972,-123.32080,6.0112,1.7200,1614
1615.0000000000,-66.63379,-309.96094,4.1691,9.5000,1615
1616.0000000000,-289.83496,102.81494,4.1035,6.9000,1616
1617.0000000000,-278.75000,276.52539,2.2000,3.0000,1617
1618.0000000000,-360.50000,333.59961,4.4703,1.2100,1618
1651.0000000000,-539.50000,-257.97461,1.4900,6.4500,1651
2000.0000000000,-1200.00000,-1600.00000,0.0000,0.0000,0
2001.0000000000,-1100.00000,-1600.00000,0.0000,0.0000,0
3000.0000000000,-1000.00000,-1600.00000,0.0000,0.0000,0
9999.0000000000,-476.75732,-57.63379,3.8783,9.1000,9999
9999.0000000000,-361.50000,164.02539,1.8500,4.7800,1501
9999.0000000000,-322.50000,271.77539,6.8000,2.4000,9999
9999.0000000000,-286.19922,739.78027,0.0000,0.0000,529
9999.0000000000,-283.46167,201.78174,9.3979,2.7900,9999
9999.0000000000,-195.29126,815.81299,2.4107,7.7800,9999
9999.0000000000,-128.19507,657.75244,4.3284,1.0100,9999
9999.0000000000,-7.50000,747.27539,2.0800,6.7900,9999
9999.0000000000,59.00000,-30.46973,1.1983,4.9900,475
9999.0000000000,253.85254,1184.02808,5.7508,1.4000,9999
9999.0000000000,349.70190,1182.73804,6.2669,1.9300,9999
9999.0000000000,500.89648,780.93384,1.5853,7.1500,325
9999.0000000000,534.00000,-137.22461,7.4000,2.1000,9999
9999.0000000000,608.16699,-136.72461,1.0000,3.0100,9999
9999.0000000000,608.16699,-100.97461,1.4900,4.3600,9999
9999.0000000000,624.33350,-152.47461,3.4333,6.9000,9999
9999.0000000000,770.00000,469.60864,3.4665,7.1000,9999
9999.0000000000,842.99854,116.18066,4.3623,1.0000,9999
9999.0000000000,1876.70947,-223.42139,3.0587,5.5890,9999
